日期,股票代码,成交量,换手率,RSI,MACD_DIF,MACD_DEA,MACD_HIST,KDJ_K,KDJ_D,KDJ_J,MACD信号,RSI信号,KDJ信号
2023-01-03,600519,26034,0.21,,,,,,,,死叉,中性,中性
2023-01-04,600519,20416,0.16,,,,,,,,死叉,中性,中性
2023-01-05,600519,47943,0.38,,,,,,,,死叉,中性,中性
2023-01-06,600519,24904,0.2,,,,,,,,死叉,中性,中性
2023-01-09,600519,30977,0.25,,,,,,,,死叉,中性,中性
2023-01-10,600519,22732,0.18,,,,,,,,死叉,中性,中性
2023-01-11,600519,22720,0.18,,,,,,,,死叉,中性,中性
2023-01-12,600519,17193,0.14,,,,,,,,死叉,中性,中性
2023-01-13,600519,31940,0.25,,,,,81.51034910810422,83.9787246703951,76.57359798352249,死叉,中性,中性
2023-01-16,600519,36848,0.29,,,,,79.41654737251743,80.19902820137993,77.85158571479244,死叉,中性,中性
2023-01-17,600519,21299,0.17,,,,,83.71129753064521,81.54606467042227,88.04176325109111,死叉,中性,超买
2023-01-18,600519,21063,0.17,,,,,70.401538605873,77.8431278363452,55.51836014492861,死叉,中性,中性
2023-01-19,600519,23439,0.19,,,,,58.226418988648106,70.77975170838876,33.1197535491668,死叉,中性,中性
2023-01-20,600519,25609,0.2,,,,,34.586744937209346,54.40490084391015,-5.049566876192259,死叉,中性,超卖
2023-01-30,600519,35923,0.29,75.10407728731685,,,,29.83774281035564,40.88363557873769,7.745957273591543,死叉,超买,超卖
2023-01-31,600519,32991,0.26,65.61819878814283,,,,20.31533106702138,28.24660627152878,4.452780658006581,死叉,中性,超卖
2023-02-01,600519,33974,0.27,65.45169550201364,,,,30.910365131317732,27.021146336231578,38.68880272149004,死叉,中性,中性
2023-02-02,600519,29759,0.24,63.50543611106818,,,,24.4907317711897,25.238809323176266,22.99457666721657,死叉,中性,中性
2023-02-03,600519,34945,0.28,59.60399883422791,,,,26.469849876263083,27.290315592923502,24.828918442942246,死叉,中性,中性
2023-02-06,600519,42661,0.34,54.98397781793841,,,,23.340996528951308,24.767192725468025,20.488604135917875,死叉,中性,中性
2023-02-07,600519,24322,0.19,55.30837831458071,,,,27.359701336590604,25.723515913934992,30.632072181901826,死叉,中性,中性
2023-02-08,600519,16676,0.13,52.652364593909596,,,,28.875031125834983,26.525242997125627,33.5746073832537,死叉,中性,中性
2023-02-09,600519,29754,0.24,58.293464057837475,,,,48.25676115998696,34.83049787413751,75.10928773168587,死叉,中性,中性
2023-02-10,600519,17985,0.14,56.5851653775598,,,,59.693711306614524,45.60850119747881,87.86413152488596,死叉,中性,超买
2023-02-13,600519,38147,0.3,63.296329685559826,,,,78.86583454908948,62.27210233856365,112.05329897014117,死叉,中性,超买
2023-02-14,600519,19566,0.16,60.564206140949636,,,,74.1930200584763,70.91752197139344,80.74401623264205,死叉,中性,超买
2023-02-15,600519,18177,0.14,59.94522749555961,,,,72.40758218674027,75.15547893143535,66.91178869735009,死叉,中性,中性
2023-02-16,600519,33246,0.26,62.985372029345164,,,,68.72261673508798,71.77440632676819,62.61903755172759,死叉,中性,中性
2023-02-17,600519,26443,0.21,54.24532815345425,,,,50.3440572711014,63.824752064309884,23.38266768468442,死叉,中性,中性
2023-02-20,600519,29669,0.24,61.78923752431816,,,,55.8373068458428,58.3013269506774,50.9092666361736,死叉,中性,中性
2023-02-21,600519,18751,0.15,60.21178011781768,,,,56.05157593123207,54.07764668272543,59.999434428245365,死叉,中性,中性
2023-02-22,600519,21869,0.17,54.41460189834676,,,,60.36294173829989,57.41727483845826,66.25427553798313,死叉,中性,中性
2023-02-23,600519,21881,0.17,51.324616732883236,,,,38.53864948377967,51.651055717770554,12.313837015797915,死叉,中性,超卖
2023-02-24,600519,24635,0.2,46.57729530923271,,,,16.764280393039876,38.55529053837316,-26.817739897626687,死叉,中性,超卖
2023-02-27,600519,22065,0.18,50.27714645632928,,,,19.704480558895934,25.002470145238505,9.10850138621079,死叉,中性,超卖
2023-02-28,600519,23952,0.19,50.82216942732808,,,,28.447550651085294,21.63877053434038,42.06511088457512,死叉,中性,中性
2023-03-01,600519,24458,0.19,54.79468189334105,,,,55.13309763381562,34.42837628126563,96.54254033891561,死叉,中性,超买
2023-03-02,600519,13144,0.1,52.84208594759065,,,,67.41327551765617,50.3313079341857,101.5772106845971,死叉,中性,超买
2023-03-03,600519,16198,0.13,50.991178621970576,-2.5345165743378857,4.653816612836795,-7.18833318717468,72.54104233654141,65.0291384960044,87.56485001761541,死叉,中性,超买
2023-03-06,600519,20646,0.16,48.969633597048364,-4.451796821463404,4.0663576815916205,-8.518154503055024,56.12995818407895,65.36142534609219,37.66702386005247,死叉,中性,中性
2023-03-07,600519,22785,0.18,45.60426301728609,-8.082325633746223,3.2825716612472435,-11.364897294993465,32.098214327314516,53.589738282644966,-10.884833583346378,死叉,中性,超卖
2023-03-08,600519,22764,0.18,42.61129502794622,-12.281867068703605,2.27841432383106,-14.560281392534664,16.300405476272374,34.84285932922196,-20.784502229626796,死叉,中性,超卖
2023-03-09,600519,27612,0.22,42.54402642933598,-13.888776513910443,1.2353697536541888,-15.124146267564631,13.866188842185302,20.754936215257406,0.08869409604109535,死叉,中性,超卖
2023-03-10,600519,21161,0.17,39.20784695290025,-16.956861877119536,0.061677390378464536,-17.018539267498,17.945806676580233,16.03746699834598,21.762486033048738,死叉,中性,中性
2023-03-13,600519,20560,0.16,42.13681740126545,-15.784492567529469,-0.9606561552930151,-14.823836412236453,23.667938774140577,18.493311430968713,34.0171934604843,死叉,中性,中性
2023-03-14,600519,23705,0.19,43.12057052700812,-13.582321879417805,-1.774957169752679,-11.807364709665126,33.14247988762104,24.91874177944729,49.58995610396854,死叉,中性,中性
2023-03-15,600519,19213,0.15,40.33633316367286,-13.84281532957425,-2.5535286639347157,-11.289286665639535,37.799421193011135,31.53661328492426,50.325037009184875,死叉,中性,中性
2023-03-16,600519,17646,0.14,40.629261462685704,-12.98382294907924,-3.226450875879524,-9.757372073199717,37.92114993251541,36.2876836710492,41.18808245544783,死叉,中性,中性
2023-03-17,600519,27023,0.22,38.717955565427054,-13.242019653713669,-3.8726166034817266,-9.369403050231941,22.690149784397146,32.80357363664124,2.4633020799089564,死叉,中性,超卖
2023-03-20,600519,20491,0.16,36.42730325961826,-14.459095452986048,-4.555615238933618,-9.90348021405243,14.72457048521219,25.111956734041588,-6.050202012446604,死叉,中性,超卖
2023-03-21,600519,31142,0.25,48.452073971396544,-7.367858285741477,-4.737050274211544,-2.6308080115299326,32.517987317895454,23.31090252916827,50.93215689534981,死叉,中性,中性
2023-03-22,600519,15330,0.12,48.09601003096495,-3.303373874169438,-4.644555022595925,1.3411811484264868,52.27103949070956,33.17119909793907,90.47072027625053,金叉,中性,超买
2023-03-23,600519,17356,0.14,48.46922579211721,-0.6573900209380099,-4.387318570876059,3.729928549938049,75.90724976068941,53.56542552309815,120.59089823587193,金叉,中性,超买
2023-03-24,600519,12770,0.1,49.44405172405409,1.395412688154238,-4.014239134809588,5.409651822963826,74.8080544690713,67.66211457349009,89.09993426023371,金叉,中性,超买
2023-03-27,600519,15296,0.12,46.70351712926401,0.7896436998921672,-3.70431120999012,4.493954909882287,72.12323144526523,74.27951189167531,67.81067055244509,金叉,中性,中性
2023-03-28,600519,17261,0.14,50.52393403784213,2.5340943305436667,-3.3018334331814887,5.835927763725156,70.7926179112619,72.5746346085328,67.22858451672008,金叉,中性,中性
2023-03-29,600519,15393,0.12,52.66276044527795,4.574455624199572,-2.7936857520601297,7.368141376259702,70.1607011776503,71.02551684472581,68.43106984349924,金叉,中性,中性
2023-03-30,600519,19257,0.15,55.20591014686468,6.925291746545099,-2.166654945698502,9.091946692243601,78.93279178993463,73.29537029294896,90.20763478390595,金叉,中性,超买
2023-03-31,600519,27446,0.22,59.85161635067065,10.818154374094547,-1.3289253121634665,12.147079686258014,78.87795434379287,75.99048243712593,84.65289815712674,金叉,中性,超买
2023-04-03,600519,21417,0.17,54.40411038008509,9.569221602812604,-0.6258190595843652,10.19504066239697,68.00348294871407,75.27140969414718,53.467629457847835,金叉,中性,中性
2023-04-04,600519,20066,0.16,57.32493037198295,10.205002418306549,0.07294361640859698,10.132058801897951,55.26474687457423,67.38206138902704,31.0301178456686,金叉,中性,中性
2023-04-06,600519,14874,0.12,52.24927598274044,7.2620948377696095,0.5367598242383398,6.72533501353127,40.752669579888256,54.67363313439218,12.910742470880407,金叉,中性,超卖
2023-04-07,600519,13525,0.11,50.6149670032987,4.312200106702676,0.7803366166553937,3.5318634900472823,28.049893086243756,41.35576984690208,1.4381395649271127,金叉,中性,超卖
2023-04-10,600519,29418,0.23,45.646690422126824,-0.48090611670977523,0.6989661177286086,-1.1798722344383838,21.878899815619565,30.227154160583854,5.182391125690991,死叉,中性,超卖
2023-04-11,600519,29209,0.23,39.91576206978205,-7.035878837558357,0.1999438625488044,-7.235822700107161,13.897981605276412,21.275591502379907,-0.8572381889305802,死叉,中性,超卖
2023-04-12,600519,51105,0.41,31.547623786249986,-17.97278039210846,-0.9724899603323094,-17.00029043177615,12.064311736640603,15.947064385845524,4.298806438230759,死叉,中性,超卖
2023-04-13,600519,29543,0.24,39.25827331318622,-18.470315761735264,-2.1013819475195965,-16.36893381421567,11.69507375676986,12.55245569956229,9.980309871185003,死叉,中性,超卖
2023-04-14,600519,21232,0.17,37.74064942581371,-19.07380076566892,-3.1963767099808433,-15.877424055688078,19.99437245940656,14.584585984272337,30.813945409675,死叉,中性,中性
2023-04-17,600519,30467,0.24,46.87767783058827,-12.2500167820167,-3.780482521079931,-8.46953426093677,40.7475095474243,24.145651921200237,73.95122479987242,死叉,中性,中性
2023-04-18,600519,18314,0.15,47.91752825528966,-7.027951773841778,-3.989996666419405,-3.037955107422373,59.11360436925162,39.95182879202749,97.43715552369987,死叉,中性,超买
2023-04-19,600519,14601,0.12,48.13619005502826,-3.602101055816547,-3.964971143154705,0.3628700873381576,79.53019866512581,59.797104193933905,118.99638760750963,金叉,中性,超买
2023-04-20,600519,19885,0.16,44.67789178811439,-4.109085448662199,-3.9742688402842203,-0.13481660837797893,77.68274002548951,72.10884768662231,88.83052470322389,死叉,中性,超买
2023-04-21,600519,18518,0.15,41.593260866440886,-6.622950544840933,-4.145151530900782,-2.4777990139401505,51.590434933369664,69.60112454132833,15.56905571745233,死叉,中性,超卖
2023-04-24,600519,20231,0.16,38.06299481247499,-10.694273897614721,-4.567675554559746,-6.126598343054975,24.139915956511945,51.13769697179037,-29.8556460740449,死叉,中性,超卖
2023-04-25,600519,20583,0.16,44.3677672451496,-8.421403368969322,-4.816303155489396,-3.6051002134799264,20.07104204021355,31.93379764336505,-3.6544691660894557,死叉,中性,超卖
2023-04-26,600519,27892,0.22,47.43940734782078,-4.621267724922291,-4.803720224485066,0.18245249956277565,39.49320517935857,27.90138772536135,62.67684008735301,金叉,中性,中性
2023-04-27,600519,25605,0.2,50.48786730224839,-0.14566235999222954,-4.503200362259722,4.357538002267493,65.03000540669592,41.53141754208934,112.02718113590907,金叉,中性,超买
2023-04-28,600519,26225,0.21,51.05521146823959,2.6983443457268095,-4.038584574647688,6.736928920374497,74.1097200787499,59.54431022160147,103.24053979304678,金叉,中性,超买
2023-05-04,600519,27466,0.22,48.60527825387495,2.4769938006204484,-3.6182246794690984,6.095218480089547,71.52882744637816,70.22285097727466,74.14078038458516,金叉,中性,中性
2023-05-05,600519,20714,0.16,48.63027489036406,2.2212878184036526,-3.2414819376708564,5.462769756074509,59.96242021931883,68.53365591481564,42.81994882832521,金叉,中性,中性
2023-05-08,600519,33171,0.26,42.12565549495697,-2.519478342708908,-3.194901060576537,0.6754227178676291,37.40147878732284,56.29757548433995,-0.39071460671139846,金叉,中性,超卖
2023-05-09,600519,29378,0.23,42.54117444010726,-4.728412712848467,-3.293837296206984,-1.4345754166414828,24.20760947561708,40.52383616075293,-8.424843894654614,死叉,中性,超卖
2023-05-10,600519,20773,0.17,43.42782369507383,-5.19217008366104,-3.4163103792685363,-1.7758597043925035,16.741965683804327,26.11701798224809,-2.0081389130831937,死叉,中性,超卖
2023-05-11,600519,15246,0.12,41.6004403907176,-6.331966826306598,-3.604417246819379,-2.727549579487219,20.42215092441828,20.457242027946574,20.351968717361693,死叉,中性,中性
2023-05-12,600519,19460,0.15,39.209707249663516,-8.186585241913008,-3.900040988438323,-4.286544253474685,14.572026004662915,17.245380870961853,9.225316272065037,死叉,中性,超卖
2023-05-15,600519,25740,0.2,42.51092342976144,-7.202038605460984,-4.113073092762366,-3.0889655126986186,23.25833066752062,19.41750253220062,30.939986938160622,死叉,中性,中性
2023-05-16,600519,22224,0.18,39.476960807946234,-8.19973810039869,-4.376728899706645,-3.823009200692045,26.871445368834653,21.56726734700608,37.479801412491796,死叉,中性,中性
2023-05-17,600519,16777,0.13,38.95002190549567,-8.593953697613188,-4.648807918926422,-3.945145778686766,33.60551697391556,27.91176433675696,44.99302224823276,死叉,中性,中性
2023-05-18,600519,19219,0.15,36.649462945788095,-9.80328622351135,-4.981354906318998,-4.821931317192352,17.289519644768138,25.92216066250613,0.024237609292157458,死叉,中性,超卖
2023-05-19,600519,26741,0.21,39.89892529188998,-8.580904799849122,-5.213583931708039,-3.367320868141084,31.0283104357587,27.30778235148081,38.46936660431449,死叉,中性,中性
2023-05-22,600519,41284,0.33,53.846151348494,-0.3486419142241175,-4.899716704773592,4.551074790549475,54.82988742338569,34.38257250130419,95.7245172675487,金叉,中性,超买
2023-05-23,600519,16894,0.13,48.28026568830877,0.9128131090999432,-4.52471478129788,5.437527890397823,77.35615931507225,54.40478572473889,123.25890649573894,金叉,中性,超买
2023-05-24,600519,18479,0.15,45.086409875834235,-0.5226243393353798,-4.266515397945461,3.743891058610081,73.36231020949134,68.51611898264977,83.05469266317448,金叉,中性,超买
2023-05-25,600519,22466,0.18,42.87127933585642,-2.7739160179162354,-4.170218663750027,1.3963026458337913,57.491112239715655,69.40319392142642,33.66694887629413,金叉,中性,中性
2023-05-26,600519,18291,0.15,40.60564375015797,-5.415595356662379,-4.250565547163727,-1.1650298094986526,40.69101156116631,57.18147800345778,7.710078676583393,死叉,中性,超卖
2023-05-29,600519,17771,0.14,40.26323796424617,-6.764657095574648,-4.412765001899915,-2.351892093674733,27.854235051879073,42.01211961758702,-0.46153407953681835,死叉,中性,超卖
2023-05-30,600519,26453,0.21,35.93142835570367,-10.228408523128337,-4.787967809721104,-5.4404407134072335,16.790734073372665,28.44532689547269,-6.518451570827381,死叉,中性,超卖
2023-05-31,600519,36957,0.29,29.443076231257436,-17.46600575493767,-5.6059057416705596,-11.86010001326711,11.120757685761674,18.588575603671142,-3.814878150057261,死叉,超卖,超卖
2023-06-01,600519,28645,0.23,31.806484884572278,-19.291603896231436,-6.4888540097067455,-12.80274988652469,12.082957178495393,13.331482979209916,9.585905577066349,死叉,中性,超卖
2023-06-02,600519,25058,0.2,42.120960614392615,-13.863651131104916,-6.964647372377596,-6.8990037587273205,29.433462499645525,17.545725787967537,53.2089359230015,死叉,中性,中性
2023-06-05,600519,16201,0.13,41.0414657868304,-10.911213190665876,-7.219264521944582,-3.6919486687212943,47.90929264423716,29.808570774126036,84.11073638445941,死叉,中性,超买
2023-06-06,600519,19914,0.16,41.61410354923526,-8.33799169644658,-7.291440468686646,-1.0465512277599336,65.78581650351963,47.709523882467444,101.93840174562398,死叉,中性,超买
2023-06-07,600519,17890,0.14,38.36918684869316,-8.866962293754568,-7.393087038045866,-1.4738752557087018,60.72645168460485,58.14052027745388,65.89831449890677,死叉,中性,中性
2023-06-08,600519,14703,0.12,43.418819261466176,-6.0271909653920375,-7.3049647107778775,1.27777374538584,63.55528663118985,63.355851606438115,63.954156680693316,金叉,中性,中性
2023-06-09,600519,17580,0.14,42.97531327440294,-4.415970788382538,-7.11857800610721,2.7026072177246725,54.499136898569525,59.593625071454746,44.310160552799076,金叉,中性,中性
2023-06-12,600519,27029,0.22,51.05198617096342,1.2759657195852014,-6.576994539933506,7.852960259518707,64.31975689160326,60.79139347378756,71.37648372723466,金叉,中性,中性
2023-06-13,600519,14663,0.12,51.787371696228604,4.757872559107909,-5.845712791608253,10.603585350716163,70.28397565922923,63.03428981646734,84.78334734475301,金叉,中性,超买
2023-06-14,600519,31506,0.25,58.08914431865945,10.592980983143889,-4.785151902914567,15.378132886058456,85.01837470199956,73.20736908427735,108.640385937444,金叉,中性,超买
2023-06-15,600519,25223,0.2,63.29964457906575,17.394374609397346,-3.354214708571863,20.74858931796921,91.6847483036827,82.32903288830381,110.39617913444047,金叉,中性,超买
2023-06-16,600519,37918,0.3,69.4991893201172,26.518202974662927,-1.42696195481478,27.945164929477706,96.30112512393809,91.00141604320679,106.90054328540069,金叉,中性,超买
2023-06-19,600519,31700,0.25,56.558938096317526,21.752824326949394,0.06850812787968268,21.684316199069713,82.98190084672616,90.32259142478232,68.30051969061387,金叉,中性,中性
2023-06-20,600519,20947,0.17,56.44510349731034,17.753355711411814,1.209466036494659,16.543889674917153,63.11754152737836,80.8001891660142,27.75224625010665,金叉,中性,中性
2023-06-21,600519,17721,0.14,54.7677919807475,13.33980581739661,1.9920686030044623,11.347737214392147,35.8943577210056,60.66460003170337,-13.646126900389959,金叉,中性,超卖
2023-06-26,600519,23993,0.19,49.22814895977625,6.058790371121859,2.254437749334617,3.804352621787242,23.23735289008772,40.74975071282389,-11.787442755384617,金叉,中性,超卖
2023-06-27,600519,15174,0.12,49.647229782296485,2.0307340446008766,2.240005252255021,-0.2092712076541443,15.195254424491893,24.775655011861733,-3.965546750247789,死叉,中性,超卖
2023-06-28,600519,18574,0.15,53.166561625307764,2.3362951971289476,2.246217506763016,0.0900776903659315,25.53637996561741,21.32299576006567,33.96314837672089,金叉,中性,中性
2023-06-29,600519,14231,0.11,49.98188241204652,0.13864399565159147,2.110245022175182,-1.9716010265235906,31.216394395631877,23.982676261913724,45.68383066306818,死叉,中性,中性
2023-06-30,600519,20459,0.16,50.67593208433517,-0.5836290230724899,1.9364466966753322,-2.520075719747822,44.28259602779489,33.67845679634806,65.49087449068855,死叉,中性,中性
2023-07-03,600519,19139,0.15,57.27928385548954,4.0729268469006,2.074284125722124,1.9986427211784763,60.95095871533567,45.48331637958748,91.88624338683206,金叉,中性,超买
2023-07-04,600519,12472,0.1,58.45550524898049,7.350870845861664,2.414709075408546,4.936161770453118,81.56611483581096,62.26655652631384,120.16523145480521,金叉,中性,超买
2023-07-05,600519,14745,0.12,54.660518399744674,6.387272369788207,2.6710034814975563,3.7162688882906503,83.38939870793273,75.30215741969312,99.56388128441193,金叉,中性,超买
2023-07-06,600519,15141,0.12,51.714798750307864,3.595777905882187,2.730666347586887,0.8651115582953,62.293687833410765,75.74973379238482,35.38159591546267,金叉,中性,中性
2023-07-07,600519,15167,0.12,48.759446840009446,-0.10690258387762697,2.547597384266596,-2.654499968144223,31.576575088701574,59.086553876681684,-23.443382487258646,死叉,中性,超卖
2023-07-10,600519,13477,0.11,51.2764168517942,-0.4730978459358539,2.352713821027728,-2.825811666963582,19.666209740240003,37.84549088745078,-16.692352554181554,死叉,中性,超卖
2023-07-11,600519,12583,0.1,53.34265686714335,0.734619759361749,2.2483206557589552,-1.5137008963972063,23.702195800975375,24.98166020997232,21.143266982981487,死叉,中性,中性
2023-07-12,600519,13285,0.11,54.21579728536938,1.9246099828960723,2.227436096219414,-0.30282611332334186,42.12930595385111,28.499237165022162,69.38944353150899,死叉,中性,中性
2023-07-13,600519,25807,0.21,59.49973991803772,6.184325257375576,2.4827192679069086,3.7016059894686677,63.06977303791746,42.967091597581316,103.27513591858974,金叉,中性,超买
2023-07-14,600519,18550,0.15,62.28197495053783,10.345119936947867,2.989970923974067,7.355149012973801,77.7653272683554,60.988135420041324,111.31971096498357,金叉,中性,超买
2023-07-17,600519,14336,0.11,55.77336003332467,8.498273402354016,3.345345277417935,5.152928124936081,75.78734607092834,72.20748212573373,82.94707396131756,金叉,中性,超买
2023-07-18,600519,14738,0.12,53.885339445263604,5.889492056069457,3.50948377926642,2.380008276803037,54.776495650033574,69.44305632977243,25.44337429055585,金叉,中性,中性
2023-07-19,600519,12483,0.1,53.932185503011866,4.139884530455447,3.5501547954721637,0.5897297349832833,31.43761727759818,54.00048633285336,-13.68812083291219,金叉,中性,超卖
2023-07-20,600519,16693,0.13,54.18280635703914,3.086166211608088,3.5202200481260943,-0.43405383651800644,22.572250054027446,36.2621209938864,-4.807491825690462,死叉,中性,超卖
2023-07-21,600519,39377,0.31,64.12455389580269,9.4910370551695,3.9054340485805077,5.5856030065889914,47.11871813732032,33.70952848964865,73.93709743266368,金叉,中性,中性
2023-07-24,600519,19713,0.16,64.0770694155812,12.386661330132256,4.452610002229007,7.934051327903249,72.8248897629092,47.50528598475231,123.46409731922294,金叉,中性,超买
2023-07-25,600519,43086,0.34,72.4762994035691,21.912355702528203,5.579045208699923,16.33331049382828,98.45637343461233,72.79999377828061,149.7691327472758,金叉,超买,超买
2023-07-26,600519,19611,0.16,72.47629940356912,25.78016743883336,6.882343417095629,18.89782402173773,96.96217499854401,89.41447939868851,112.05756619825502,金叉,超买,超买
2023-07-27,600519,20340,0.16,73.65611295828369,27.76381217749463,8.229534950024597,19.53427722747003,93.39097397264977,96.26984080193536,87.63324031407862,金叉,超买,超买
2023-07-28,600519,39018,0.31,79.53321948331302,36.09799341812845,10.02750001248291,26.070493405645543,92.81757383467637,94.39024093529004,89.67223963344904,金叉,超买,超买
2023-07-31,600519,45379,0.36,74.54625531477741,35.96827449373927,11.701098366112353,24.267176127626918,81.55716150117206,89.25523643616606,66.16101163118407,金叉,超买,中性
2023-08-01,600519,19231,0.15,75.39813704043775,34.9933808686942,13.20382626950473,21.789554599189472,73.10867042871878,82.49446858818906,54.33707410977823,金叉,超买,中性
2023-08-02,600519,18509,0.15,72.60117625936903,30.977173384203297,14.350493825291736,16.62667955891156,56.64209840592286,70.43597677860457,29.05434166055943,金叉,超买,中性
2023-08-03,600519,21543,0.17,72.11143857245085,26.67729212695349,15.145771135076364,11.531520991877125,52.465902276752225,60.73889037046462,35.91992608932745,金叉,超买,中性
2023-08-04,600519,24574,0.2,73.96561758142445,24.987824039547377,15.780742290203527,9.20708174934385,48.869561257821694,52.659187313498926,41.29030914646724,金叉,超买,中性
2023-08-07,600519,23892,0.19,72.06005453159109,21.712488474322754,16.163435592404767,5.549052881917987,54.77394106446017,52.03646819967802,60.24888679402447,金叉,超买,中性
2023-08-08,600519,17736,0.14,72.34672651291687,18.92366977363531,16.341515217000286,2.5821545566350252,62.55635628593884,55.399952869406896,76.86916311900272,金叉,超买,中性
2023-08-09,600519,18523,0.15,72.3879960872468,16.298031102131063,16.338709790234528,-0.04067868810346553,69.27578376569925,62.20202703869942,83.42329721969888,死叉,超买,超买
2023-08-10,600519,18436,0.15,66.55101692426058,11.56295357815111,16.030596486229147,-4.467642908078037,56.74697386026497,62.85970463730103,44.52151230619286,死叉,中性,中性
2023-08-11,600519,26786,0.21,53.97461689292885,2.0672777421527826,15.12973721241777,-13.062459470264987,33.29970617893582,53.107487934966684,-6.315857333125905,死叉,中性,超卖
2023-08-14,600519,23731,0.19,46.77688788175743,-7.934441061855523,13.64172571085175,-21.576166772707275,11.770261146744398,33.93898039531507,-32.567177350396946,死叉,中性,超卖
2023-08-15,600519,14818,0.12,49.128853556690096,-11.396927617868869,12.026328721902033,-23.4232563397709,7.389576302962104,17.48651454288078,-12.804300176875248,死叉,中性,超卖
2023-08-16,600519,13184,0.1,50.776611723862196,-11.531197398853692,10.506488327014567,-22.037685725868258,15.935483870967659,11.698440440224728,24.40957073245352,死叉,中性,中性
2023-08-17,600519,17290,0.14,52.66984163400038,-9.685878043096636,9.203755012813845,-18.88963305591048,25.7448483737008,16.35663618254353,44.52127275601534,死叉,中性,中性
2023-08-18,600519,17023,0.14,46.56917121561521,-11.949893058556654,7.839003524338329,-19.788896582894985,26.186111051420244,22.62214776536291,33.314037623534915,死叉,中性,中性
2023-08-21,600519,18912,0.15,44.06688151323089,-14.216635002834664,6.416059103230394,-20.63269410606506,18.2740762751394,23.401678566753493,8.018871691911215,死叉,中性,超卖
2023-08-22,600519,26650,0.21,43.41657641859904,-15.045970911662835,5.031412005495347,-20.077382917158182,15.171936441462242,19.87737458934064,5.761060145705443,死叉,中性,超卖
2023-08-23,600519,19912,0.16,40.418925437336576,-16.707671049104647,3.628890518101799,-20.336561567206445,11.55105691481964,14.999023210473771,4.655124323511377,死叉,中性,超卖
2023-08-24,600519,26055,0.21,51.34881820314347,-10.192375908975691,2.7371959099032512,-12.929571818878943,34.596369695549974,20.439787683943962,62.90953371876199,死叉,中性,中性
2023-08-25,600519,18831,0.15,53.244243610387166,-4.705707292603847,2.2570086065156967,-6.962715899119544,52.78348480086555,32.976970470411736,92.39651346177318,死叉,中性,超买
2023-08-28,600519,41052,0.33,55.39800711719576,0.085851788605396,2.116933973102129,-2.031082184496733,67.60312592423274,51.66099347354943,99.48739082559935,死叉,中性,超买
2023-08-29,600519,28950,0.23,58.74918838031478,5.173014209349276,2.3141004399567837,2.858913769392492,64.94422137696078,61.7769440340197,71.27877606284294,金叉,中性,中性
2023-08-30,600519,19812,0.16,59.68046234794655,8.341889820097776,2.702990077385235,5.638899742712542,59.757404320604735,64.10158387393277,51.06904521394867,金叉,中性,中性
2023-08-31,600519,14820,0.12,57.00929587798258,8.201161982318126,3.0577108454454214,5.143451136872705,57.6847209360535,60.795448877873014,51.46326505241447,金叉,中性,中性
2023-09-01,600519,13145,0.1,57.92198159054923,8.24099758702505,3.392116441676365,4.848881145348685,47.49418919589348,54.978771484183916,32.52502461931262,金叉,中性,中性
2023-09-04,600519,23871,0.19,61.19678515863903,10.028423214621398,3.820265265737335,6.208157948884063,50.033107030903835,51.737339054283616,46.62464298414427,金叉,中性,中性
2023-09-05,600519,15659,0.12,58.790732129006905,9.289538816666663,4.173121623861808,5.116417192804856,50.4199503546588,49.31574886048538,52.62835334300566,金叉,中性,中性
2023-09-06,600519,11121,0.09,59.33323972313347,8.671993459196301,4.46337141968984,4.208622039506461,56.6501495547548,52.36773564677248,65.21497737071944,金叉,中性,中性
2023-09-07,600519,16982,0.14,51.96585003188707,4.324726690927946,4.454426598479395,-0.12969990755144867,36.9194464752647,47.99651546155943,14.76530850267524,死叉,中性,超卖
2023-09-08,600519,12212,0.1,46.67427871541651,-1.2631598306081742,4.085550054667293,-5.3487098852754675,23.59339465366234,39.05433022789395,-7.328476494800881,死叉,中性,超卖
2023-09-11,600519,15926,0.13,47.75259819979543,-3.678482185954408,3.584644748820732,-7.263126934775141,14.349425421136559,24.954088850021208,-6.8599014366327395,死叉,中性,超卖
2023-09-12,600519,12168,0.1,47.134495739554914,-5.10784091396431,3.023839222189439,-8.131680136153749,16.489242008685633,18.144020694494852,13.17968463706719,死叉,中性,超卖
2023-09-13,600519,19501,0.16,47.11963543187461,-5.585500770820545,2.4683979323178273,-8.053898703138373,26.315176722761397,19.051281384194535,40.84296739989512,死叉,中性,中性
2023-09-14,600519,17505,0.14,46.73248272497471,-5.6923757975407625,1.9418964013592086,-7.634272198899971,33.99572880174898,25.600049177732007,50.78708804978293,死叉,中性,中性
2023-09-15,600519,28431,0.23,36.90831954646411,-10.966284854688638,1.1091105138722508,-12.075395368560889,27.591324785728233,29.300743436746206,24.172487483692287,死叉,中性,中性
2023-09-18,600519,32559,0.26,51.13813765435988,-6.025308894666978,0.6488253907406877,-6.674134285407665,48.85628604927019,36.81444654558248,72.93996505664562,死叉,中性,中性
2023-09-19,600519,14990,0.12,50.55036326806329,-3.3074851046753793,0.39357955232674785,-3.701064657002127,64.89170570449052,47.113105513162985,100.4489060871456,死叉,中性,超买
2023-09-20,600519,12502,0.1,49.74928279131142,-2.070036667426848,0.23463657040716102,-2.304673237834009,94.3244442800606,69.35747867794043,144.25837548430093,死叉,中性,超买
2023-09-21,600519,19489,0.16,43.31065203049344,-5.14991105514423,-0.11275359898325127,-5.037157456160979,76.26070857631301,78.4922861869547,71.79755335502963,死叉,中性,中性
2023-09-22,600519,34390,0.27,55.552908761312146,1.1504551003520191,-0.03125626354226608,1.1817113638942853,77.59004753741594,82.72506679792986,67.3200090163881,金叉,中性,中性
2023-09-25,600519,13979,0.11,51.6112100286922,1.9991120881770712,0.09973524302027181,1.8993768451567994,70.91636942380005,74.92237517917634,62.90435791304745,金叉,中性,中性
2023-09-26,600519,15762,0.13,47.9966525545413,-0.14096059047437848,0.08420647956900405,-0.22516707004338254,69.73189723841348,72.74610473320983,63.70348224882079,死叉,中性,中性
2023-09-27,600519,20880,0.17,47.55868522523065,-1.6027601975888501,-0.0246300802476317,-1.5781301173412183,49.31943237764281,63.32256634661878,21.31316443969088,死叉,中性,中性
2023-09-28,600519,20538,0.16,44.20311155113092,-4.643877547070133,-0.3226460458490834,-4.32123150122105,29.7248769186217,49.59206884489266,-10.009506933920221,死叉,中性,超卖
2023-10-09,600519,29763,0.24,39.967224222508484,-9.286373219691995,-0.9009510248066906,-8.385422194885304,20.914985939780113,33.319765078681534,-3.8945723380227264,死叉,中性,超卖
2023-10-10,600519,20284,0.16,38.670906784755275,-12.316439149019516,-1.6374341295946149,-10.6790050194249,10.839183387447685,20.49301541528316,-8.468480668223265,死叉,中性,超卖
2023-10-11,600519,21945,0.17,41.166300644368064,-11.934872737803289,-2.3017850075435615,-9.633087730259728,13.891213185341764,15.21512750418985,11.243384547645594,死叉,中性,超卖
2023-10-12,600519,14865,0.12,43.35633498802868,-9.867056347575954,-2.7898670294811354,-7.077189318094819,20.744236537545557,15.158211036778331,31.916287539080006,死叉,中性,中性
2023-10-13,600519,25028,0.2,36.52366316597698,-13.44418338638684,-3.4772422783137613,-9.966941108073078,25.339152641932994,19.991534121606765,36.03438968258545,死叉,中性,中性
2023-10-16,600519,20790,0.17,33.133614675692236,-17.777514293229842,-4.399840472824476,-13.377673820405366,21.975709861374842,22.68636634695113,20.55439689022227,死叉,中性,中性
2023-10-17,600519,14945,0.12,32.53255636371151,-19.65463331555452,-5.384020656226414,-14.270612659328105,14.322767055752152,20.545876519686658,1.8765481278831402,死叉,中性,超卖
2023-10-18,600519,20318,0.16,33.20176700214126,-19.184296217698147,-6.274361015031042,-12.909935202667105,12.162990165407402,16.153822360844792,4.181325774532624,死叉,中性,超卖
2023-10-19,600519,73492,0.59,21.79424744087342,-32.613548939006705,-7.973663461739149,-24.639885477267555,9.788803921840676,12.091520381000072,5.183371003521888,死叉,超卖,超卖
2023-10-20,600519,45376,0.36,25.985982909311684,-35.689289881598825,-9.761768392052677,-25.927521489546148,12.592616924783167,11.514803670677075,14.748243432995352,死叉,超卖,超卖
2023-10-23,600519,25234,0.2,25.884384570370006,-35.35852494837059,-11.41317204084738,-23.94535290752321,15.07877549325552,12.486732113293115,20.26286225318033,死叉,超卖,中性
2023-10-24,600519,29861,0.24,25.77479620838049,-33.191227412163016,-12.81820787125484,-20.373019540908174,21.28558167986699,16.318991365968554,31.21876230766386,死叉,超卖,中性
2023-10-25,600519,36179,0.29,35.62095100737911,-24.76262709470666,-13.58881556309044,-11.173811531616218,38.79747820074052,25.053945124621006,66.28454435297954,死叉,中性,中性
2023-10-26,600519,22386,0.18,34.86131375008004,-19.462928309748122,-13.96779057900384,-5.495137730744283,54.27260298718998,38.11855428926582,86.58070038303829,死叉,中性,超买
2023-10-27,600519,34262,0.27,36.10868197429394,-14.713824226452743,-14.015921782065059,-0.6979024443876849,71.28674679992237,54.785609329284284,104.28902174119855,死叉,中性,超买
2023-10-30,600519,24086,0.19,37.345963975548536,-10.581656894567232,-13.794356305452295,3.2126994108850635,72.87126692480727,66.1435389039732,86.32672296647542,金叉,中性,超买
2023-10-31,600519,19859,0.16,38.4177129570078,-7.1440106593224755,-13.365301747637467,6.221291088314992,71.41812787102067,71.8587138652501,70.53695588256184,金叉,中性,中性
2023-11-01,600519,93143,0.74,58.83807518686969,9.771615205921307,-11.87259742805303,21.644212633974337,68.51441125225232,70.93460201602676,63.674029724703416,金叉,中性,中性
2023-11-02,600519,27908,0.22,58.515133065471304,18.18034354418046,-9.933698010489579,28.114041554670038,63.4862413814522,67.80626016824174,54.84620380787314,金叉,中性,中性
2023-11-03,600519,30176,0.24,63.15447443754889,26.47417454418951,-7.584803006961896,34.05897755115141,68.35397052087085,66.78487438485847,71.49216279289558,金叉,中性,中性
2023-11-06,600519,25524,0.2,63.260422286083525,29.508738450607098,-5.1916713000219605,34.700409750629056,73.54536620790252,68.4618593700752,83.71237988355713,金叉,中性,超买
2023-11-07,600519,19582,0.16,58.311381025366806,26.21948612982851,-3.165145014225156,29.384631144053667,60.2214378695022,67.37359153275854,45.917130542989526,金叉,中性,中性
2023-11-08,600519,14546,0.12,59.4862935515621,23.922652371232516,-1.4175451829053063,25.340197554137823,50.276265822814196,61.347689966739644,28.1334175349633,金叉,中性,中性
2023-11-09,600519,12800,0.1,58.4398802821345,20.579067147074966,0.0015910964482596817,20.577476050626707,37.360120308295116,49.28594133353718,13.508478257810992,金叉,中性,超卖
2023-11-10,600519,16466,0.13,54.01987520477881,14.739895379530026,0.9524494372922445,13.787445942237781,31.560120071869274,39.7321687343262,15.216022746955417,金叉,中性,超卖
2023-11-13,600519,18370,0.15,51.311398286740825,8.867626210594608,1.4631060033117518,7.404520207282856,19.67844285428764,29.53289441148402,-0.030460260105122927,金叉,中性,超卖
2023-11-14,600519,12817,0.1,51.591765681656675,5.319562651139222,1.7119096580102982,3.607652993128924,12.117266863438934,21.11860992986529,-5.885419269413781,金叉,中性,超卖
2023-11-15,600519,18435,0.15,53.33711175208582,4.222463579246096,1.8738808787351884,2.3485827005109075,22.968170122719126,18.254626613481907,32.39525714119356,金叉,中性,中性
2023-11-16,600519,12558,0.1,50.06825038407925,1.416623868562283,1.8443804264659687,-0.4277565579036857,21.853688143930658,18.979708376696248,27.60164767839948,死叉,中性,中性
2023-11-17,600519,21714,0.17,48.423113399032026,-1.2042356020265288,1.6476955214019366,-2.851931123428465,26.96343003863677,23.928429435095524,33.03343124571926,死叉,中性,中性
2023-11-20,600519,18608,0.15,50.807075233786406,-1.1850537616187466,1.4649375031425378,-2.6499912647612844,32.942205257315486,27.25310781329431,44.32040014535783,死叉,中性,中性
2023-11-21,600519,30098,0.24,57.25166024366721,3.0638971671864965,1.568096191145374,1.4958009760411226,58.62923812615315,39.51162447403514,96.86446543038916,金叉,中性,超买
2023-11-22,600519,12665,0.1,54.86206606788656,3.909452390947763,1.7191514298423023,2.1903009611054607,71.98981089599805,54.52041809315557,106.92859650168299,金叉,中性,超买
2023-11-23,600519,11550,0.09,55.910154616011184,4.814030852941869,1.9188210700422743,2.8952097828995944,80.17063362677969,70.26322754964364,99.98544578105177,金叉,中性,超买
2023-11-24,600519,13085,0.1,53.24152888505922,3.6520414774875007,2.0306417414903533,1.6213997359971475,73.10618411042279,75.08887621106685,69.14079990913467,金叉,中性,中性
2023-11-27,600519,16261,0.13,49.299584904993985,0.675681122543665,1.9432249273647604,-1.2675438048210954,54.93538366658831,69.40406713459694,25.998016730571038,死叉,中性,中性
2023-11-28,600519,14520,0.12,50.98565910600974,-0.07358701788302824,1.8131080276713547,-1.886695045554383,40.01634622148433,56.01930466616516,8.010429332122683,死叉,中性,超卖
2023-11-29,600519,17149,0.14,52.579915954283784,0.38127199751352236,1.7207315095966558,-1.3394595120831334,37.41834536479974,44.12335841762414,24.00831925915095,死叉,中性,中性
2023-11-30,600519,21353,0.17,57.03636051867061,3.150208915153371,1.8129558583422503,1.3372530568111207,61.817063253527465,46.41725161327053,92.61668653404134,金叉,中性,超买
2023-12-01,600519,33051,0.26,48.00278796964219,-0.2606866397795784,1.6791724713666485,-1.9398591111462269,58.67771841805771,52.63770901212832,70.75773722991649,死叉,中性,中性
2023-12-04,600519,18440,0.15,45.61769772108961,-3.555375933998903,1.3414596710204838,-4.896835605019387,43.0122326602947,54.502338110626646,20.03202175963081,死叉,中性,中性
2023-12-05,600519,29903,0.24,36.99095519001119,-11.456698825754984,0.5157720260672278,-11.972470851822212,12.788568795621764,38.15950662465807,-37.95330686245085,死叉,中性,超卖
2023-12-06,600519,23851,0.19,35.93811015635242,-15.9812568378793,-0.548552416768032,-15.432704421111268,4.700389103069971,20.16706351966216,-26.23295973011441,死叉,中性,超卖
2023-12-07,600519,25042,0.2,35.39564305924179,-17.935182005833212,-1.6702704547722371,-16.264911551060976,5.1764600324018195,7.5551393103645355,0.41910147647638674,死叉,中性,超卖
2023-12-08,600519,26288,0.21,37.073219092383255,-17.168524097090767,-2.670157786534723,-14.498366310556044,12.680351170640511,7.519066768704119,23.002919974513297,死叉,中性,中性
2023-12-11,600519,36831,0.29,35.670237164252846,-16.758315292498537,-3.579071174016259,-13.179244118482277,26.88908408475469,14.915298429265691,50.83665539573269,死叉,中性,中性
2023-12-12,600519,21011,0.17,39.91319451653536,-13.702242896509006,-4.232179027080307,-9.4700638694287,51.02987478929294,30.199770014896064,92.6900843380867,死叉,中性,超买
2023-12-13,600519,38789,0.31,30.793757331200826,-18.779097777695824,-5.170689914216792,-13.608407863479032,45.036527757990974,40.985162210679555,53.13925885261382,死叉,中性,中性
2023-12-14,600519,40672,0.32,27.528262923018094,-24.061679362725272,-6.389463427023791,-17.67221593570148,30.5533214246183,42.206574657300756,7.246814959253385,死叉,超卖,超卖
2023-12-15,600519,37093,0.3,30.52417462569207,-24.10601602348538,-7.532466820343894,-16.57354920314149,6.715746624497356,27.435198602368896,-34.72315733124572,死叉,中性,超卖
2023-12-18,600519,19897,0.16,35.858637895411576,-20.093471412779763,-8.342854213404273,-11.75061719937549,16.83019831927072,18.033088789462145,14.424417378887874,死叉,中性,超卖
2023-12-19,600519,22207,0.18,39.67321427149169,-14.717327600105136,-8.754110560933361,-5.963217039171775,35.29262602539601,19.61285698972138,66.65216409674528,死叉,中性,中性
2023-12-20,600519,23092,0.18,38.513881875416104,-11.818683847730654,-8.951824966533186,-2.8668588811974676,56.03173116649904,36.051518503721944,95.99215649205324,死叉,中性,超买
2023-12-21,600519,29012,0.23,44.3107296792342,-6.459200355664052,-8.79101047550937,2.3318101198453185,75.99279194805636,55.772383046650496,116.43360975086809,金叉,中性,超买
2023-12-22,600519,21667,0.17,44.49198977668278,-3.0458941869205773,-8.420357811729449,5.374463624808872,86.01567890225385,72.68006733893644,112.68690202888868,金叉,中性,超买
2023-12-25,600519,12471,0.1,44.89317155003798,-0.7949457199140397,-7.928395741289745,7.1334500213757055,89.71641643601868,83.90829576210966,101.33265778383671,金叉,中性,超买
2023-12-26,600519,14771,0.12,44.38141013133637,0.1779925784480838,-7.40540294646795,7.583395524916034,83.32721838985039,86.35310457604099,77.27544601746919,金叉,中性,中性
2023-12-27,600519,16056,0.13,43.59468536972784,0.25244422128503174,-6.911348290483886,7.163792511768918,77.51706401279337,83.52023294622082,65.51072614593849,金叉,中性,中性
2023-12-28,600519,38338,0.31,59.01227334476263,9.055027285784718,-5.881259543627847,14.936286829412564,80.55458324153061,80.46628854805813,80.73117262847555,金叉,中性,超买
2023-12-29,600519,27539,0.22,59.22155425072057,13.460677000615988,-4.633392669805664,18.094069670421653,79.77839802229038,79.28334842553814,80.76849721579484,金叉,中性,超买
