,Date,Stock Code,Open,Close,High,Low,Volume,Amount,Amplitude,Price Change,Price Change,Turnover Rate
0,2024-01-02,600570,29.02,28.05,29.07,28.01,221371,629192256.0,3.7,-2.03,-0.58,1.17
1,2024-01-03,600570,28.04,27.11,28.04,26.58,366391,997004085.0,5.2,-3.35,-0.94,1.93
2,2024-01-04,600570,26.88,25.85,26.92,25.57,485268,1267384435.0,4.98,-4.65,-1.26,2.55
3,2024-01-05,600570,25.84,25.71,26.16,25.49,247274,642962365.0,2.59,-0.54,-0.14,1.3
4,2024-01-08,600570,25.47,24.89,25.63,24.85,278548,700888893.0,3.03,-3.19,-0.82,1.47
5,2024-01-09,600570,24.99,24.86,25.35,24.57,217169,544619170.0,3.13,-0.12,-0.03,1.14
6,2024-01-10,600570,24.77,24.56,24.97,24.3,191851,474852371.0,2.7,-1.21,-0.3,1.01
7,2024-01-11,600570,24.47,24.89,24.99,24.47,239279,595109020.0,2.12,1.34,0.33,1.26
8,2024-01-12,600570,24.75,24.66,24.94,24.57,187041,465207997.0,1.49,-0.92,-0.23,0.98
9,2024-01-15,600570,24.52,24.47,24.86,24.31,174721,430619940.0,2.23,-0.77,-0.19,0.92
10,2024-01-16,600570,24.36,24.54,24.55,24.01,206706,503714051.0,2.21,0.29,0.07,1.09
11,2024-01-17,600570,24.4,23.77,24.42,23.77,207593,502348016.0,2.65,-3.14,-0.77,1.09
12,2024-01-18,600570,23.57,24.38,24.48,23.33,311407,744020454.0,4.84,2.57,0.61,1.64
13,2024-01-19,600570,24.26,24.03,24.36,23.96,172900,419539971.0,1.64,-1.44,-0.35,0.91
14,2024-01-22,600570,23.92,23.07,24.14,22.87,263229,622031140.0,5.29,-4.0,-0.96,1.39
15,2024-01-23,600570,23.07,23.77,23.93,22.93,261311,617041579.0,4.33,3.03,0.7,1.38
16,2024-01-24,600570,24.16,24.37,24.62,23.08,352420,844791620.0,6.48,2.52,0.6,1.85
17,2024-01-25,600570,24.17,24.55,24.73,23.74,414441,1011320241.0,4.06,0.74,0.18,2.18
18,2024-01-26,600570,24.36,24.16,24.6,24.07,260570,637590863.0,2.16,-1.59,-0.39,1.37
19,2024-01-29,600570,24.17,22.58,24.17,22.52,570455,1313780978.0,6.83,-6.54,-1.58,3.0
20,2024-01-30,600570,22.41,21.84,22.83,21.81,304765,681010554.0,4.52,-3.28,-0.74,1.6
21,2024-01-31,600570,21.79,20.91,21.97,20.66,444422,946837603.0,6.0,-4.26,-0.93,2.34
22,2024-02-01,600570,20.84,20.9,21.53,20.52,362124,765306848.0,4.83,-0.05,-0.01,1.91
23,2024-02-02,600570,21.0,19.92,21.29,19.2,446171,904256475.0,10.0,-4.69,-0.98,2.35
24,2024-02-05,600570,19.8,19.17,19.91,18.47,480875,928524316.0,7.23,-3.77,-0.75,2.53
25,2024-02-06,600570,19.07,20.51,20.63,18.9,483398,968268654.0,9.02,6.99,1.34,2.54
26,2024-02-07,600570,20.51,20.77,21.23,20.45,465557,976874708.0,3.8,1.27,0.26,2.45
27,2024-02-08,600570,20.95,21.62,21.66,20.85,466094,1000622933.0,3.9,4.09,0.85,2.45
28,2024-02-19,600570,22.11,22.14,22.31,21.47,446850,983413661.0,3.89,2.41,0.52,2.35
29,2024-02-20,600570,21.92,21.94,22.0,21.63,270266,593054004.0,1.67,-0.9,-0.2,1.42
30,2024-02-21,600570,21.77,22.51,23.32,21.63,479616,1090464068.0,7.7,2.6,0.57,2.52
31,2024-02-22,600570,22.55,23.04,23.13,22.47,359502,826746757.0,2.93,2.35,0.53,1.89
32,2024-02-23,600570,23.07,23.13,23.18,22.77,322681,746553385.0,1.78,0.39,0.09,1.7
33,2024-02-26,600570,23.1,23.14,23.53,22.86,319234,742651961.0,2.9,0.04,0.01,1.68
34,2024-02-27,600570,22.98,24.25,24.25,22.95,514056,1224899074.0,5.62,4.8,1.11,2.71
35,2024-02-28,600570,24.39,23.17,25.11,23.17,656755,1603288126.0,8.0,-4.45,-1.08,3.46
36,2024-02-29,600570,22.93,24.29,24.5,22.93,481399,1157357285.0,6.78,4.83,1.12,2.53
37,2024-03-01,600570,24.27,25.1,25.27,24.12,631156,1570356652.0,4.73,3.33,0.81,3.32
38,2024-03-04,600570,25.37,24.66,25.42,24.43,468590,1166245244.0,3.94,-1.75,-0.44,2.47
39,2024-03-05,600570,24.48,24.2,24.6,23.94,391527,956325165.0,2.68,-1.87,-0.46,2.06
40,2024-03-06,600570,24.02,23.98,24.34,23.51,343300,825185740.0,3.43,-0.91,-0.22,1.81
41,2024-03-07,600570,24.1,23.12,24.16,23.1,363598,859795700.0,4.42,-3.59,-0.86,1.91
42,2024-03-08,600570,23.12,23.89,24.24,22.85,377909,889767771.0,6.01,3.33,0.77,1.99
43,2024-03-11,600570,23.62,24.12,24.13,23.32,354228,846181138.0,3.39,0.96,0.23,1.86
44,2024-03-12,600570,24.12,24.37,24.41,23.97,364163,886522081.0,1.82,1.04,0.25,1.92
45,2024-03-13,600570,24.4,24.31,24.77,24.19,420409,1033169552.0,2.38,-0.25,-0.06,2.21
46,2024-03-14,600570,24.28,23.98,24.28,23.55,381672,917302340.0,3.0,-1.36,-0.33,2.01
47,2024-03-15,600570,23.85,23.95,24.02,23.33,318536,756784298.0,2.88,-0.13,-0.03,1.68
48,2024-03-18,600570,23.91,24.85,24.85,23.89,508061,1251205643.0,4.01,3.76,0.9,2.67
49,2024-03-19,600570,24.82,24.51,24.93,24.48,311532,773788458.0,1.81,-1.37,-0.34,1.64
50,2024-03-20,600570,24.51,24.83,25.07,24.44,390984,973575819.0,2.57,1.31,0.32,2.06
51,2024-03-21,600570,25.05,25.3,26.17,25.02,757619,1948226095.0,4.63,1.89,0.47,3.99
52,2024-03-22,600570,25.22,24.74,25.27,24.29,534863,1330275150.0,3.87,-2.21,-0.56,2.82
53,2024-03-25,600570,25.04,23.8,25.13,23.75,415082,1017318961.0,5.58,-3.8,-0.94,2.18
54,2024-03-26,600570,23.67,23.3,23.9,23.06,327206,771269604.0,3.53,-2.1,-0.5,1.72
55,2024-03-27,600570,23.22,21.95,23.27,21.89,389174,879473915.0,5.92,-5.79,-1.35,2.05
56,2024-03-28,600570,21.87,22.61,22.8,21.78,329557,745467109.0,4.65,3.01,0.66,1.73
57,2024-03-29,600570,22.61,22.43,22.61,22.07,217141,486972405.0,2.39,-0.8,-0.18,1.14
58,2024-04-01,600570,22.62,23.14,23.15,22.58,272310,626160833.0,2.54,3.17,0.71,1.43
59,2024-04-02,600570,23.07,22.79,23.09,22.65,231767,532097651.0,1.9,-1.51,-0.35,1.22
60,2024-04-03,600570,22.73,22.1,22.95,22.07,399721,900291051.0,3.86,-3.03,-0.69,2.1
61,2024-04-08,600570,21.87,21.24,21.94,21.23,395269,857071983.0,3.21,-3.89,-0.86,2.08
62,2024-04-09,600570,21.37,21.39,21.55,21.13,208857,447984860.0,1.98,0.71,0.15,1.1
63,2024-04-10,600570,21.32,20.73,21.33,20.57,266833,559374670.0,3.55,-3.09,-0.66,1.4
64,2024-04-11,600570,20.61,20.74,21.07,20.55,215387,452194222.0,2.51,0.05,0.01,1.13
65,2024-04-12,600570,20.74,20.39,20.93,20.33,200133,413550017.0,2.89,-1.69,-0.35,1.06
66,2024-04-15,600570,20.48,20.89,21.25,20.23,329643,689440926.0,5.0,2.45,0.5,1.74
67,2024-04-16,600570,20.85,20.33,21.25,20.27,264631,550578995.0,4.69,-2.68,-0.56,1.4
68,2024-04-17,600570,20.46,20.9,20.97,20.46,291921,610107096.0,2.51,2.8,0.57,1.54
69,2024-04-18,600570,20.77,20.86,21.42,20.47,339345,715716791.0,4.55,-0.19,-0.04,1.79
70,2024-04-19,600570,20.65,20.18,20.7,20.09,315283,645347866.0,2.92,-3.26,-0.68,1.66
71,2024-04-22,600570,19.87,20.44,20.62,19.6,300021,613298865.0,5.05,1.29,0.26,1.58
72,2024-04-23,600570,20.45,20.42,20.66,20.29,171269,352321183.0,1.81,-0.1,-0.02,0.9
73,2024-04-24,600570,20.51,20.65,20.66,20.31,207522,428417427.0,1.71,1.13,0.23,1.1
74,2024-04-25,600570,21.29,20.32,21.31,20.27,360911,747059691.0,5.04,-1.6,-0.33,1.91
75,2024-04-26,600570,20.42,21.38,21.45,20.38,549986,1157447856.0,5.27,5.22,1.06,2.9
76,2024-04-29,600570,21.27,22.12,22.34,21.2,562579,1242035728.0,5.33,3.46,0.74,2.97
77,2024-04-30,600570,21.67,20.48,21.67,20.45,810590,1695308051.0,5.52,-7.41,-1.64,4.28
78,2024-05-06,600570,20.91,21.08,21.64,20.87,572531,1222742779.0,3.76,2.93,0.6,3.02
79,2024-05-07,600570,21.07,21.15,21.36,20.85,269985,574211943.0,2.42,0.33,0.07,1.43
80,2024-05-08,600570,21.01,20.66,21.01,20.59,289682,604966270.0,1.99,-2.32,-0.49,1.53
81,2024-05-09,600570,20.64,21.12,21.34,20.63,291323,617090722.0,3.44,2.23,0.46,1.54
82,2024-05-10,600570,21.11,20.96,21.3,20.74,214065,451080714.0,2.65,-0.76,-0.16,1.13
83,2024-05-13,600570,20.77,20.7,21.24,20.55,296053,619960250.0,3.29,-1.24,-0.26,1.56
84,2024-05-14,600570,20.7,20.8,20.89,20.62,182055,380163504.0,1.3,0.48,0.1,0.96
85,2024-05-15,600570,20.82,20.43,20.83,20.37,207069,427517939.0,2.21,-1.78,-0.37,1.09
86,2024-05-16,600570,20.53,20.78,21.0,20.35,318879,666542040.0,3.18,1.71,0.35,1.68
87,2024-05-17,600570,20.7,21.13,21.16,20.63,249956,527389095.0,2.55,1.68,0.35,1.32
88,2024-05-20,600570,21.13,21.58,21.87,21.02,374785,812781860.0,4.02,2.13,0.45,1.98
89,2024-05-21,600570,21.53,21.17,21.6,21.11,210066,451036554.0,2.27,-1.9,-0.41,1.11
90,2024-05-22,600570,21.16,21.28,21.37,20.94,161789,344275104.0,2.03,0.52,0.11,0.85
91,2024-05-23,600570,21.22,20.77,21.3,20.73,216923,456086427.0,2.68,-2.4,-0.51,1.15
92,2024-05-24,600570,20.69,20.12,20.82,20.05,280213,574227581.0,3.71,-3.13,-0.65,1.48
93,2024-05-27,600570,20.19,20.17,20.24,19.67,219357,439187230.0,2.83,0.25,0.05,1.16
94,2024-05-28,600570,20.12,19.98,20.19,19.85,129246,260370033.0,1.69,-0.94,-0.19,0.68
95,2024-05-29,600570,19.88,19.93,20.17,19.79,124115,249185491.0,1.9,-0.25,-0.05,0.66
96,2024-05-30,600570,19.9,19.9,19.99,19.7,104379,208390948.0,1.46,-0.15,-0.03,0.55
97,2024-05-31,600570,19.96,19.94,20.15,19.9,142338,286474868.0,1.26,0.2,0.04,0.75
98,2024-06-03,600570,19.86,19.52,19.92,19.34,209447,413048012.0,2.91,-2.11,-0.42,1.11
99,2024-06-04,600570,19.52,19.7,19.72,19.35,147788,290256638.0,1.9,0.92,0.18,0.78
100,2024-06-05,600570,19.6,19.75,20.09,19.58,167494,335506731.0,2.59,0.25,0.05,0.88
101,2024-06-06,600570,19.81,19.26,19.87,19.17,186979,365440757.0,3.54,-2.48,-0.49,0.99
102,2024-06-07,600570,19.37,19.26,19.54,19.07,124391,241453678.0,2.44,0.0,0.0,0.66
103,2024-06-11,600570,19.06,19.38,19.49,19.0,123147,237755530.0,2.54,0.62,0.12,0.65
104,2024-06-12,600570,19.38,19.38,19.53,19.33,126241,245189897.0,1.03,0.0,0.0,0.67
105,2024-06-13,600570,19.38,19.19,19.44,19.13,120952,232651338.0,1.6,-0.98,-0.19,0.64
106,2024-06-14,600570,19.16,19.51,19.54,18.95,183539,353672820.0,3.07,1.67,0.32,0.97
107,2024-06-17,600570,19.31,19.21,19.5,19.12,175740,338377985.0,1.95,-1.54,-0.3,0.93
108,2024-06-18,600570,19.21,19.37,19.59,19.13,157959,306370320.0,2.39,0.83,0.16,0.83
109,2024-06-19,600570,19.45,19.03,19.47,18.97,156689,299813742.0,2.58,-1.76,-0.34,0.83
110,2024-06-20,600570,18.88,18.14,18.93,18.13,322487,594061576.0,4.2,-4.68,-0.89,1.7
111,2024-06-21,600570,18.08,18.22,18.3,17.88,168606,305265923.0,2.32,0.44,0.08,0.89
112,2024-06-24,600570,18.1,17.65,18.13,17.64,183425,328019714.0,2.69,-3.13,-0.57,0.97
113,2024-06-25,600570,17.64,17.39,17.78,17.2,218474,380909578.0,3.29,-1.47,-0.26,1.15
114,2024-06-26,600570,17.3,18.12,18.18,17.25,199059,353252088.0,5.35,4.2,0.73,1.05
115,2024-06-27,600570,17.99,17.92,18.26,17.85,131326,236637955.0,2.26,-1.1,-0.2,0.69
116,2024-06-28,600570,17.9,17.66,18.18,17.6,177908,318552996.0,3.24,-1.45,-0.26,0.94
117,2024-07-01,600570,17.5,17.46,17.66,17.02,196125,339218689.0,3.62,-1.13,-0.2,1.04
118,2024-07-02,600570,17.46,17.33,17.74,17.29,150100,263030196.0,2.58,-0.74,-0.13,0.79
119,2024-07-03,600570,17.27,17.15,17.38,17.01,134185,230308808.0,2.14,-1.04,-0.18,0.71
120,2024-07-04,600570,17.14,16.6,17.25,16.59,215747,363056328.0,3.85,-3.21,-0.55,1.14
121,2024-07-05,600570,16.61,16.79,16.89,16.45,162026,270995131.0,2.65,1.14,0.19,0.86
122,2024-07-08,600570,16.71,16.37,16.79,16.31,139987,230890927.0,2.86,-2.5,-0.42,0.74
123,2024-07-09,600570,16.39,16.54,16.66,16.13,171792,282442751.0,3.24,1.04,0.17,0.91
124,2024-07-10,600570,16.15,16.34,16.78,15.91,220119,361096796.0,5.26,-1.21,-0.2,1.16
125,2024-07-11,600570,16.64,16.84,17.0,16.46,190589,319896452.0,3.3,3.06,0.5,1.01
126,2024-07-12,600570,16.86,16.72,16.91,16.7,104896,175862215.0,1.25,-0.71,-0.12,0.55
127,2024-07-15,600570,16.7,16.5,16.76,16.46,110285,182435784.0,1.79,-1.32,-0.22,0.58
128,2024-07-16,600570,16.47,16.83,16.88,16.27,147337,245498929.0,3.7,2.0,0.33,0.78
129,2024-07-17,600570,16.82,16.94,17.08,16.77,140263,237851269.0,1.84,0.65,0.11,0.74
130,2024-07-18,600570,16.87,17.01,17.09,16.65,136201,229357692.0,2.6,0.41,0.07,0.72
131,2024-07-19,600570,16.97,17.49,17.62,16.9,248558,432810471.0,4.23,2.82,0.48,1.31
132,2024-07-22,600570,17.69,17.76,18.0,17.43,220778,391580747.0,3.26,1.54,0.27,1.17
133,2024-07-23,600570,17.81,17.32,17.81,17.32,145893,256286440.0,2.76,-2.48,-0.44,0.77
134,2024-07-24,600570,17.32,17.08,17.39,17.01,130744,224415034.0,2.19,-1.39,-0.24,0.69
135,2024-07-25,600570,16.98,17.43,17.68,16.98,154662,268847426.0,4.1,2.05,0.35,0.82
136,2024-07-26,600570,17.44,17.43,17.68,17.32,115132,201130206.0,2.07,0.0,0.0,0.61
137,2024-07-29,600570,17.43,17.27,17.49,17.15,101163,175096765.0,1.95,-0.92,-0.16,0.53
138,2024-07-30,600570,17.25,17.32,17.41,17.11,81252,140432017.0,1.74,0.29,0.05,0.43
139,2024-07-31,600570,17.32,18.32,18.4,17.3,296319,534739552.0,6.35,5.77,1.0,1.56
140,2024-08-01,600570,18.24,18.13,18.38,18.08,146223,266337504.0,1.64,-1.04,-0.19,0.77
141,2024-08-02,600570,18.07,17.82,18.28,17.79,120629,217338071.0,2.7,-1.71,-0.31,0.64
142,2024-08-05,600570,17.68,17.63,18.23,17.52,172177,306968788.0,3.98,-1.07,-0.19,0.91
143,2024-08-06,600570,17.85,17.67,17.96,17.48,144860,255899524.0,2.72,0.23,0.04,0.76
144,2024-08-07,600570,17.67,17.49,17.79,17.44,102616,180281073.0,1.98,-1.02,-0.18,0.54
145,2024-08-08,600570,17.36,17.26,17.54,16.99,152308,262639957.0,3.14,-1.32,-0.23,0.8
146,2024-08-09,600570,17.4,16.97,17.43,16.97,103328,177450566.0,2.67,-1.68,-0.29,0.55
147,2024-08-12,600570,16.88,16.73,17.02,16.65,100191,168105139.0,2.18,-1.41,-0.24,0.53
148,2024-08-13,600570,16.73,16.86,16.88,16.61,91254,152889250.0,1.61,0.78,0.13,0.48
149,2024-08-14,600570,16.79,16.49,16.91,16.47,119556,198688318.0,2.61,-2.19,-0.37,0.63
150,2024-08-15,600570,16.46,16.58,16.9,16.38,167228,278187972.0,3.15,0.55,0.09,0.88
151,2024-08-16,600570,16.6,16.4,16.68,16.4,105722,174334922.0,1.69,-1.09,-0.18,0.56
152,2024-08-19,600570,16.4,16.43,16.68,16.34,111666,184377450.0,2.07,0.18,0.03,0.59
153,2024-08-20,600570,16.42,15.99,16.45,15.95,144462,232764465.0,3.04,-2.68,-0.44,0.76
154,2024-08-21,600570,15.94,15.83,16.09,15.8,99849,159055128.0,1.81,-1.0,-0.16,0.53
155,2024-08-22,600570,15.9,15.36,15.97,15.33,157327,244771637.0,4.04,-2.97,-0.47,0.83
156,2024-08-23,600570,15.36,15.7,15.82,15.36,139383,217754904.0,2.99,2.21,0.34,0.74
157,2024-08-26,600570,15.75,15.58,16.02,15.48,151859,238646908.0,3.44,-0.76,-0.12,0.8
158,2024-08-27,600570,15.53,15.34,15.55,15.28,110670,169993446.0,1.73,-1.54,-0.24,0.58
159,2024-08-28,600570,15.35,15.55,15.59,15.23,108244,166919065.0,2.35,1.37,0.21,0.57
160,2024-08-29,600570,15.49,15.79,15.93,15.44,110254,174009395.0,3.15,1.54,0.24,0.58
161,2024-08-30,600570,15.75,16.33,16.54,15.7,212146,345404148.0,5.32,3.42,0.54,1.12
162,2024-09-02,600570,16.31,15.84,16.38,15.82,158050,253392068.0,3.43,-3.0,-0.49,0.83
163,2024-09-03,600570,15.81,16.16,16.2,15.81,115982,186368565.0,2.46,2.02,0.32,0.61
164,2024-09-04,600570,16.04,16.11,16.33,15.98,103726,167804544.0,2.17,-0.31,-0.05,0.55
165,2024-09-05,600570,16.12,16.33,16.44,16.12,126561,206415052.0,1.99,1.37,0.22,0.67
166,2024-09-06,600570,16.56,16.1,16.56,16.09,99705,162257849.0,2.88,-1.41,-0.23,0.53
167,2024-09-09,600570,15.98,15.88,16.16,15.8,104487,166807797.0,2.24,-1.37,-0.22,0.55
168,2024-09-10,600570,15.92,16.2,16.43,15.7,139498,223694458.0,4.6,2.02,0.32,0.74
169,2024-09-11,600570,16.14,16.31,16.39,16.07,97274,158454772.0,1.98,0.68,0.11,0.51
170,2024-09-12,600570,16.32,16.2,16.5,16.17,90564,147780641.0,2.02,-0.67,-0.11,0.48
171,2024-09-13,600570,16.19,15.99,16.3,15.97,91625,147177165.0,2.04,-1.3,-0.21,0.48
172,2024-09-18,600570,15.93,15.92,16.07,15.67,86231,136594835.0,2.5,-0.44,-0.07,0.46
173,2024-09-19,600570,16.06,16.48,16.56,15.87,188841,308610364.0,4.33,3.52,0.56,1.0
174,2024-09-20,600570,16.52,16.63,16.68,16.35,195158,322707227.0,2.0,0.91,0.15,1.03
175,2024-09-23,600570,16.64,16.43,16.71,16.41,135614,224157746.0,1.8,-1.2,-0.2,0.72
176,2024-09-24,600570,16.68,17.55,17.62,16.51,455013,781356119.0,6.76,6.82,1.12,2.4
177,2024-09-25,600570,18.0,17.9,18.38,17.79,503063,910738144.0,3.36,1.99,0.35,2.66
178,2024-09-26,600570,17.95,18.9,19.01,17.8,509317,938643311.0,6.76,5.59,1.0,2.69
179,2024-09-27,600570,19.99,20.79,20.79,19.84,580857,1199596897.0,5.03,10.0,1.89,3.07
180,2024-09-30,600570,22.87,22.87,22.87,22.87,123541,282538290.0,0.0,10.0,2.08,0.65
181,2024-10-08,600570,25.16,25.16,25.16,25.16,82030,206386952.0,0.0,10.01,2.29,0.43
182,2024-10-09,600570,27.68,27.68,27.68,26.88,1575350,4354533695.0,3.18,10.02,2.52,8.32
183,2024-10-10,600570,28.0,25.46,28.12,25.0,2488343,6552922004.0,11.27,-8.02,-2.22,13.14
184,2024-10-11,600570,24.38,23.38,25.22,23.11,1287194,3074413624.0,8.29,-8.17,-2.08,6.8
185,2024-10-14,600570,23.52,24.94,25.52,22.49,1263944,3013665291.0,12.96,6.67,1.56,6.67
186,2024-10-15,600570,24.45,25.58,27.3,24.25,1440156,3746652353.0,12.23,2.57,0.64,7.6
187,2024-10-16,600570,24.84,25.58,26.44,24.61,901240,2300212254.0,7.15,0.0,0.0,4.76
188,2024-10-17,600570,26.12,25.76,26.5,25.18,975131,2532408279.0,5.16,0.7,0.18,5.15
189,2024-10-18,600570,25.5,28.1,28.34,25.09,1629888,4397889899.0,12.62,9.08,2.34,8.6
190,2024-10-21,600570,28.0,28.01,28.67,27.27,1363296,3810092453.0,4.98,-0.32,-0.09,7.2
191,2024-10-22,600570,27.95,27.1,27.95,26.5,940446,2558281758.0,5.18,-3.25,-0.91,4.97
192,2024-10-23,600570,26.99,26.86,27.94,26.72,783547,2135261273.0,4.5,-0.89,-0.24,4.14
193,2024-10-24,600570,26.52,26.3,27.08,26.06,596449,1570259634.0,3.8,-2.08,-0.56,3.15
194,2024-10-25,600570,26.42,26.38,26.83,25.94,580125,1526797301.0,3.38,0.3,0.08,3.06
195,2024-10-28,600570,26.29,26.47,26.65,26.0,473829,1248254525.0,2.46,0.34,0.09,2.5
196,2024-10-29,600570,26.47,25.88,27.09,25.85,666751,1757116238.0,4.68,-2.23,-0.59,3.52
197,2024-10-30,600570,25.58,25.87,26.11,25.38,473703,1218560502.0,2.82,-0.04,-0.01,2.5
198,2024-10-31,600570,25.99,26.81,27.53,25.7,986472,2640564188.0,7.07,3.63,0.94,5.21
199,2024-11-01,600570,26.54,25.83,27.15,25.73,721128,1899466456.0,5.3,-3.66,-0.98,3.81
200,2024-11-04,600570,25.7,26.5,26.55,25.66,498080,1302691679.0,3.45,2.59,0.67,2.63
201,2024-11-05,600570,27.22,29.15,29.15,26.78,1411061,4016927203.0,8.94,10.0,2.65,7.45
202,2024-11-06,600570,30.5,30.49,32.06,29.88,2033755,6301003512.0,7.48,4.6,1.34,10.74
203,2024-11-07,600570,29.7,32.6,32.88,29.09,1763494,5382686820.0,12.43,6.92,2.11,9.31
204,2024-11-08,600570,33.52,31.66,33.79,31.59,1363796,4420809079.0,6.75,-2.88,-0.94,7.2
205,2024-11-11,600570,31.19,34.43,34.83,31.02,1346046,4391255754.0,12.03,8.75,2.77,7.11
206,2024-11-12,600570,35.0,34.33,37.3,34.24,1638672,5783443371.0,8.89,-0.29,-0.1,8.65
207,2024-11-13,600570,33.8,32.8,34.19,32.3,1108958,3653744720.0,5.51,-4.46,-1.53,5.85
208,2024-11-14,600570,32.5,31.66,33.16,31.54,776983,2514169511.0,4.94,-3.48,-1.14,4.1
209,2024-11-15,600570,31.34,29.82,32.15,29.81,947998,2929099724.0,7.39,-5.81,-1.84,5.0
210,2024-11-18,600570,29.93,29.3,30.58,28.66,721212,2125329016.0,6.44,-1.74,-0.52,3.81
211,2024-11-19,600570,29.3,30.0,30.25,28.94,623694,1845990821.0,4.47,2.39,0.7,3.29
212,2024-11-20,600570,29.97,30.63,31.29,29.72,684196,2085614469.0,5.23,2.1,0.63,3.61
213,2024-11-21,600570,30.11,30.62,31.1,30.11,494525,1512678457.0,3.23,-0.03,-0.01,2.61
214,2024-11-22,600570,30.5,28.96,30.78,28.9,644206,1922078649.0,6.14,-5.42,-1.66,3.4
215,2024-11-25,600570,28.94,28.1,29.18,27.43,645462,1811209774.0,6.04,-2.97,-0.86,3.41
216,2024-11-26,600570,28.1,28.08,28.79,27.83,341260,963198202.0,3.42,-0.07,-0.02,1.8
217,2024-11-27,600570,28.08,28.98,28.98,27.52,496806,1410685299.0,5.2,3.21,0.9,2.62
218,2024-11-28,600570,29.8,29.38,30.8,29.32,715102,2147129808.0,5.11,1.38,0.4,3.78
219,2024-11-29,600570,29.21,30.68,31.7,29.15,898028,2737571646.0,8.68,4.42,1.3,4.74
220,2024-12-02,600570,30.48,31.34,31.87,30.21,772276,2421700656.0,5.41,2.15,0.66,4.08
221,2024-12-03,600570,31.13,31.17,31.65,30.6,594136,1847553172.0,3.35,-0.54,-0.17,3.14
222,2024-12-04,600570,31.0,30.6,31.29,30.44,449559,1385993939.0,2.73,-1.83,-0.57,2.37
223,2024-12-05,600570,30.39,31.02,31.35,30.39,503535,1560835041.0,3.14,1.37,0.42,2.66
224,2024-12-06,600570,31.02,31.11,32.13,30.64,672215,2110905006.0,4.8,0.29,0.09,3.55
225,2024-12-09,600570,31.21,31.27,32.56,31.0,597694,1891337679.0,5.01,0.51,0.16,3.16
226,2024-12-10,600570,33.23,31.86,33.27,31.69,877333,2828202620.0,5.05,1.89,0.59,4.63
227,2024-12-11,600570,31.71,30.82,31.89,30.42,647680,2015145875.0,4.61,-3.26,-1.04,3.42
228,2024-12-12,600570,30.82,31.79,32.28,30.4,681634,2127183686.0,6.1,3.15,0.97,3.6
229,2024-12-13,600570,31.2,30.12,31.25,30.01,626517,1922106757.0,3.9,-5.25,-1.67,3.31
230,2024-12-16,600570,30.12,29.81,30.23,29.63,334063,996547750.0,1.99,-1.03,-0.31,1.76
231,2024-12-17,600570,29.89,29.75,30.31,29.7,330988,991771226.0,2.05,-0.2,-0.06,1.75
232,2024-12-18,600570,30.0,29.88,30.22,29.55,297369,888657039.0,2.25,0.44,0.13,1.57
233,2024-12-19,600570,29.46,29.92,29.93,29.3,316899,940538867.0,2.11,0.13,0.04,1.67
234,2024-12-20,600570,29.8,29.99,30.37,29.61,322383,968869415.0,2.54,0.23,0.07,1.7
235,2024-12-23,600570,29.9,29.25,30.18,29.18,320673,948720387.0,3.33,-2.47,-0.74,1.69
236,2024-12-24,600570,29.33,29.65,29.75,29.14,253978,747082516.0,2.09,1.37,0.4,1.34
237,2024-12-25,600570,29.68,29.12,29.75,28.94,261979,768495647.0,2.73,-1.79,-0.53,1.38
238,2024-12-26,600570,29.27,29.14,29.51,29.09,253929,742799465.0,1.44,0.07,0.02,1.34
239,2024-12-27,600570,29.21,29.41,30.09,29.03,411213,1218730157.0,3.64,0.93,0.27,2.17
240,2024-12-30,600570,29.41,29.43,29.63,29.13,222361,653227663.0,1.7,0.07,0.02,1.17
241,2024-12-31,600570,29.5,27.99,29.55,27.99,459251,1311849630.0,5.3,-4.89,-1.44,2.42
242,2025-01-02,600570,27.68,26.42,27.82,25.7,624820,1680318466.0,7.57,-5.61,-1.57,3.3
243,2025-01-03,600570,26.5,25.36,26.74,25.31,409953,1061072684.0,5.41,-4.01,-1.06,2.16
244,2025-01-06,600570,25.33,25.16,25.66,24.98,314142,793717074.0,2.68,-0.79,-0.2,1.66
245,2025-01-07,600570,25.25,25.6,25.61,25.01,277218,702145156.0,2.38,1.75,0.44,1.46
246,2025-01-08,600570,25.52,25.37,25.72,24.63,343518,867241429.0,4.26,-0.9,-0.23,1.81
247,2025-01-09,600570,25.19,25.42,25.65,25.17,198036,504735166.0,1.89,0.2,0.05,1.05
248,2025-01-10,600570,25.41,24.9,25.76,24.9,210878,535169747.0,3.38,-2.05,-0.52,1.11
249,2025-01-13,600570,24.74,25.28,25.48,24.5,250640,627545468.0,3.94,1.53,0.38,1.32
250,2025-01-14,600570,25.5,26.66,26.7,25.32,412659,1083811513.0,5.46,5.46,1.38,2.18
251,2025-01-15,600570,26.62,26.3,26.66,26.22,229303,605845763.0,1.65,-1.35,-0.36,1.21
252,2025-01-16,600570,26.64,26.08,26.97,25.89,268757,708120366.0,4.11,-0.84,-0.22,1.42
253,2025-01-17,600570,25.92,26.15,26.45,25.86,211600,553988689.0,2.26,0.27,0.07,1.12
254,2025-01-20,600570,26.57,26.19,26.66,26.13,222675,588001850.0,2.03,0.15,0.04,1.18
255,2025-01-21,600570,26.7,26.4,26.77,26.11,210388,554259008.0,2.52,0.8,0.21,1.11
256,2025-01-22,600570,26.38,26.11,26.4,25.95,182566,477061263.0,1.7,-1.1,-0.29,0.96
257,2025-01-23,600570,26.7,26.3,27.49,26.3,425675,1143357849.0,4.56,0.73,0.19,2.25
258,2025-01-24,600570,26.22,26.49,26.69,26.11,269267,713187145.0,2.21,0.72,0.19,1.42
259,2025-01-27,600570,26.85,25.94,26.94,25.93,257915,681091861.0,3.81,-2.08,-0.55,1.36
260,2025-02-05,600570,26.8,27.24,28.08,26.71,618091,1685465532.0,5.28,5.01,1.3,3.26
261,2025-02-06,600570,27.3,28.47,28.85,26.89,571481,1604530621.0,7.2,4.52,1.23,3.02
262,2025-02-07,600570,28.5,30.15,30.65,28.4,1008179,3002139266.0,7.9,5.9,1.68,5.32
263,2025-02-10,600570,30.6,30.76,30.96,29.81,773001,2351431925.0,3.81,2.02,0.61,4.08
264,2025-02-11,600570,30.76,31.2,32.35,30.12,989058,3080113595.0,7.25,1.43,0.44,5.22
265,2025-02-12,600570,31.5,32.89,32.9,31.34,1120420,3625621105.0,5.0,5.42,1.69,5.92
266,2025-02-13,600570,32.4,32.49,32.74,31.92,560473,1808366152.0,2.49,-1.22,-0.4,2.96
