x1,x2,y
0.38154809975029624,1.9623531361650426,1
1.1973314175441394,-0.6820375897773548,-1
1.0340129616949696,-1.610406638373864,-1
-1.4877158671893933,2.734213447714805,-1
3.8581702215340687,1.9493448091672638,1
-1.9736035867488195,1.480913944445607,-1
3.5333470122695383,2.0560611196758836,1
0.9413608059033117,1.6553989550323878,1
-2.9360090654613056,-2.324952143010681,1
-0.08448993581603026,-2.1254524190761646,-1
-0.3557641037299992,-0.8887479370586525,1
-0.4487067052791598,0.40825580174833487,-1
3.3646731627893667,-2.7217078944666904,-1
-0.55381187667122,0.02159086409383537,1
0.8357173419839987,0.7127588092151417,1
-0.7506925941096446,0.050159517901205986,1
-2.306311911127067,-2.367418871462639,1
0.7441383440961138,1.4399837718951516,-1
1.3774179736897723,-2.3945521576732167,1
2.1874768155052022,-2.763796540221159,-1
-2.1864421268879224,-1.1892040111022053,1
3.0127801246619255,-1.6246385703013735,-1
-0.0729207410979551,-1.8087712791644472,-1
-1.7175211969695772,3.594710041979881,-1
4.207748219149935,1.8898318376200647,1
1.5121100187308734,3.1416588611979623,1
1.7331029324151097,1.7875089665522834,1
-0.07310733130793645,2.5138471045220925,-1
3.072946661930973,2.450432080683603,1
0.6325675813953783,2.0469768863598046,1
0.3121536596501273,2.5692791009909,1
0.2604050848226469,-1.722888034889841,1
0.8621233130184228,1.100415473470661,1
-3.160364687696847,-0.7853590718222966,1
-0.26933039200757647,-1.7118584391454765,1
1.5449964822712694,-1.0463669163146714,-1
-1.3677751127279134,-1.592756876397951,1
2.006302936622212,0.05436832109982093,-1
-1.7297868413585171,0.9184382859620794,-1
-0.5266182222695566,0.30750365645516986,1
-1.5607111346072795,-1.3977519639865366,1
-2.46540930964536,-0.5429565195207604,-1
-1.275280562141235,-0.4122746799246917,1
3.0891849476827233,2.0200125009409637,1
-1.4609716093174954,-0.15937126127562085,1
1.216161217263394,-1.6688719793133224,-1
-1.0695509459992905,-0.30288457596416074,1
1.787471259649299,-4.089105837085757,-1
0.6794534964804979,1.6296508828709715,1
1.9862539846570264,-1.3247755840437543,-1
2.7846419778191533,0.23525568517075102,-1
1.3211237235777848,0.006662567069944503,-1
1.1870591311655259,-1.1862030829709438,-1
1.7008106913305072,1.7081653805063846,1
-1.4096422765227894,2.799974564521341,-1
0.04145331491107673,0.013517952353059082,-1
3.0115542982308874,-1.089682340774984,-1
3.391166017453749,1.175703555428913,1
-2.8593486271783695,-0.14994110807024774,1
1.5682215364599703,-1.1042299631009276,-1
-0.9609257601317506,0.16157505159430352,-1
-3.2481486957863717,2.5683115996059716,-1
-0.5260148709217687,-1.5396421717341848,1
-1.1148557244894586,-3.169190563609945,1
1.857370585755125,-2.407173690576941,-1
1.3165936824736482,2.7315705525349134,1
-4.362423531140067,1.0812259558493214,1
2.603967312561375,1.6435424392178397,1
2.3571794767393865,1.8701844727593209,1
0.39674277085865794,0.9623900792852743,1
-1.664673159412537,-2.981363512829885,1
-1.3530181070582366,1.4471501928444035,-1
0.06903879450110217,-1.3675738901341306,-1
-0.8198843428538569,-2.2578881874806815,1
1.5337046173926088,1.8025558812111775,1
-2.457769908042848,2.2280023438284835,-1
-1.3456132304961341,0.6250152302558312,1
1.4387920686712166,-1.1092954483241058,-1
-1.9565821589810042,-1.8381846645776823,1
-2.261576630832315,-1.6667931973349694,1
-3.267864632218042,-1.4905762649277172,1
-2.2378774042727505,-0.7264089367505252,1
-1.9733382891232298,-1.698011440645545,1
0.1939261505771055,2.1412394162804587,1
-2.5566624103325184,-0.44499008039060484,1
-2.3709177268979964,2.437721256501295,-1
-1.0114820380209582,-1.284516513282457,1
-1.6435592020041625,-1.780886211594396,1
3.1067420889729433,-2.7543447121225872,-1
-1.4830446870684915,-2.8937295517395616,1
4.010492054902697,-2.1200323454239376,-1
0.6157079320977363,-0.6201768504036308,-1
1.2244326099267253,-1.0498283013550105,-1
-1.6618857411655161,-3.7318898108298573,1
-1.460239883080097,-1.8202434970813384,1
2.4953002526334354,1.6680185455966812,1
-0.6667893895722811,1.2485287892523327,-1
1.302840383507669,-0.7504906658407511,-1
-1.8953685630509234,-0.9532578592774541,1
-1.1145327582503735,-1.364560994456357,1
0.9868081585935694,0.1893018287608741,1
-0.44448331592473966,2.5868603932767655,-1
-3.9236670222288206,0.9668156542339895,-1
1.9375041146770111,0.5256224426506793,1
1.7597303941919171,-0.2924607842301101,-1
1.1755618776583125,2.6053009019468707,1
-0.829546141513968,1.2471025830775964,-1
-2.033655988890819,0.9191255641634872,-1
-0.17636702030190055,0.39581371147053424,1
-2.786019628881337,1.9394443667009473,-1
3.6503475743467084,-1.382552473542792,-1
-1.0683506892442765,1.8680216822444904,-1
1.8782657599016308,1.2088133346700423,1
2.581863884502507,-0.8083682807882089,-1
2.3438652462821383,-2.954441807327824,-1
1.7762120895340379,0.820704878436222,1
0.8334026026614185,-3.442319177998635,-1
2.245667901735062,2.277617333579896,1
-0.03181984898651602,-1.4102249258080857,-1
-2.3975215549534856,1.7082593820748397,-1
0.9188882272511854,-3.4943470736568045,-1
2.217234310264331,0.8623601608119351,-1
1.5181537359217856,-0.31786438484284907,-1
0.9185147438066736,1.718990657474236,1
0.17166934284524316,-0.44095806098267665,-1
-1.4241604550899838,-1.6048932652133718,1
0.6117469901028398,-1.2845201243650024,-1
2.3203781100460503,2.0199427218724693,1
2.8002570802005997,1.9720482404874506,1
0.3823882720590297,-0.5608722559059032,-1
-1.0880128277357681,-1.3226717193319146,1
-1.5155615120445143,-2.7496737238579465,1
-2.5400622236480555,2.6684986278281047,-1
-0.027690268183410804,1.7680660182885521,1
1.1035797256155269,1.2416353790115078,1
-1.1199038120492801,2.929575257371512,-1
1.5384040214373689,-1.1124276639205628,-1
1.979041697586156,-2.2219558473328354,-1
0.6324410193067072,-0.40633259396229393,-1
0.29595046500777644,1.094833131964161,-1
3.612280673890103,1.9881869994790549,1
1.1365426518855186,1.9338364716147973,1
-2.8653424461862587,-2.0097757219468813,1
-0.31310306654743747,-1.359465923334509,1
-0.8594597794870424,-1.3389124380130375,1
1.859565418731156,-1.7209345647734944,-1
-2.1665524069842945,1.1016954343040282,-1
-1.3215949196053411,-2.9981213923035117,1
-2.7744200644329844,1.865959415757057,-1
3.338454053392785,1.9329513008373842,1
-1.8037508230953443,-1.8030029294790073,1
-2.126091162909258,0.2791184261407147,-1
-1.9833780774714427,-2.1030329009033273,1
-2.450049693778038,1.0827965430712605,-1
-2.070316507582306,1.116359418049283,-1
-0.02613670437275384,0.845323216831425,-1
1.8126939242193096,-0.43017214914307256,-1
2.500700946238595,0.677546714064821,1
1.7618345771836472,1.723954225845057,1
2.5931758159726153,-0.21170800863112005,1
-2.7924823880568397,-3.3324344716681917,1
-1.1465619250109769,3.077077648043563,-1
0.17326146205802995,1.5815100801632886,-1
-2.4162798318087253,-1.1762916919937958,1
-1.1340498376388062,1.3846232435920556,-1
2.001509092817789,-0.9272423669347251,-1
-1.3930835501105563,2.946795747189492,-1
1.9558016436451264,-1.522530746568219,-1
-1.2826297911696025,-1.6258731093689454,1
-2.1503521280835485,-1.6080735626399172,1
-0.3233047977033985,-1.3052763334584419,-1
-1.310025723287951,-0.9154889273045502,1
-1.5483381415183493,-0.8714363192582246,1
-1.0914897634923468,0.8806772518718955,-1
0.3595232468065179,-1.2884651490912327,-1
1.4807305231125731,1.7602535445108263,1
-0.4476072607878705,1.057478327966432,-1
3.6284229908768046,0.7552658907231689,1
-1.5403096823219937,2.6879492132519127,-1
-0.7455694108309486,-1.7086092324798619,1
-0.3757037158591028,-0.5023745686147656,-1
-2.2374306826214845,1.9910578833043464,-1
-2.0680684787329118,-2.5295903831674895,1
-0.055684327751698515,0.3742313532404915,1
0.11398896926050606,-1.1574065164299039,-1
1.5748476871677979,-1.150068903156628,-1
-1.6648647843275965,-2.683236690393655,1
0.27671998707934686,1.5584706830835344,1
0.9638810706686678,2.3524054038211015,1
-1.0030360135922227,1.2738522976335933,-1
-1.1129867382221645,-2.3886274575977255,1
-3.917934178707994,-3.285564868246673,1
0.06561063692272784,-2.8996872453767937,-1
-1.2699102350494567,-2.7648555266441583,1
-2.1061838864781968,-0.5725217171422241,1
-1.045111746851278,2.3923412202619296,-1
-1.92709230974901,-1.9525639991811412,1
-2.745512924956032,-0.8343053167417249,1
1.3328749689266244,-1.4488953364691604,-1
-2.0072226852017128,-2.6039649268470257,1
2.9846306982876234,-0.8813435795928721,-1
-1.5484143224032132,2.5533131518554697,-1
1.268306076733018,1.0221074748730563,1
-2.616285241856098,1.9894520338993738,-1
0.4352251427090412,-0.5706639847524718,-1
-1.8020034726310137,-0.16954578496424588,1
1.2623740493672206,4.051904977423764,1
-2.1850165915737083,-0.49753376106458314,1
0.42500694472384115,-2.4855078236046038,-1
0.412086539135756,-2.5346825608788524,-1
-2.022369458189802,1.6854495713911486,-1
-1.9867021283134902,2.5131507188467364,-1
-0.5796459398868185,-0.510606853997002,1
0.9117804787553643,-2.6272735569603984,-1
2.539301154917108,0.7649145710576265,1
1.496357865970925,-1.318437191854302,-1
1.3011141341715213,-1.8897000622040117,-1
3.2702323209447752,-2.0168886761850047,-1
-1.0723239833976224,2.097312529750333,-1
-1.3296023488748026,-1.910810308776324,1
-2.0928028708978257,0.21341729163223677,-1
-2.3081918733667766,-2.2995376434486263,1
0.3305802748802811,-1.4374943787823027,-1
-1.8249092390771662,0.7154401530730201,-1
2.186367349640721,-0.9622075099390316,-1
2.8060019941482732,3.0161334530164217,1
-0.8585926086594833,1.490121510158061,-1
0.6210878400980949,-1.1215005595073058,-1
2.7707058288577295,2.351964713420032,1
1.0688523473890914,0.5731572827227437,1
1.3656688820801237,2.3376291266093694,1
-1.487921165112124,2.988329779054822,-1
-2.1828796156402923,-2.9122506994349,1
-1.3412612977512834,-0.5357516351933458,-1
-0.5612426119672684,1.9710247434512682,-1
2.7128955459758135,0.5231652805799567,-1
-3.7751587718281905,0.901342344104342,1
-2.1935757116384607,1.4370623751672156,-1
-0.545146480455395,-1.9312367219286357,1
-1.236626088897295,-1.6396785142938257,1
1.6975821106899227,1.9668384044790552,1
-1.3438867346783925,1.9780200193557183,-1
-2.1477990617984277,0.4750068773835119,-1
0.2997289659666469,1.5545106128110215,1
-0.6332326224181665,-2.3617949402722886,1
1.7415079145195214,2.0040957327828703,1
-0.6407867069522695,-3.4054803213365457,1
-1.6206718095526131,0.8734241406488562,-1
-3.0352394577916373,1.5554868830872826,-1
-1.1352251377770648,-1.8417288461621637,1
0.8702863495137217,1.3342659421158853,1
1.0522866094648347,-1.9004849910402517,-1
0.19327367444903176,-2.003508843648544,-1
1.1065228063371135,-1.6136040156493796,-1
-4.04259369719604,2.9257064373328925,-1
-0.7904847334937503,-1.4345331848610385,1
2.2942598945216055,-3.4774220248720358,-1
-1.8311079028378168,0.9989735651730794,-1
-1.6795827853526517,-0.8231799796531419,1
-4.0857922116288075,-0.8583304310249517,1
-2.263091353668969,-0.5046816088471229,1
-1.80321716798488,3.743938481872696,-1
-1.0492952550096795,2.1527476751347234,-1
3.4089020179362324,-0.839176307278086,-1
-1.6193000114530065,-0.34676613489530217,1
-1.19729972223612,-1.0987531398132844,1
-1.702083429221454,-2.9971712300902125,1
-0.28359257060034393,-0.5113234010101659,-1
-3.2279595177930114,0.18573934783332535,-1
-1.5743946468352823,-1.5620641860066795,1
-0.7869474272604915,-0.2171256530581902,1
0.36414375812750754,0.08161740305618825,-1
-1.861724199788537,-1.6212927205212964,1
1.225701498536309,-0.3727210917687336,1
-1.047118409727104,2.4481157208251085,-1
3.150414488985106,-2.6449554884472217,-1
-2.321484854417609,-1.2359365186655744,1
0.6348798757279276,2.91144719432287,1
-1.46364207749611,-2.2195794719186415,1
-2.7853078292713014,-0.06109354121209565,-1
-2.008665878913399,2.2229807019433814,-1
-1.4205353405796486,-0.20393119749510147,1
1.527751917476381,-2.4228843304740155,-1
-3.964108481269123,0.4449368721090048,-1
1.3089903892258248,-1.7155640765569717,-1
-0.5099797050374063,-1.6967431052708735,1
-0.6044715460389132,3.3961917140059867,-1
-0.6184838142828842,-1.3427005691192984,1
-2.709766614973306,-2.1069723797309616,1
1.249339594097079,1.7255659227965636,1
0.843059621562843,1.6168401778505708,1
-0.7380173986330755,-1.8000650204774782,1
-1.2763170473307996,1.397268516161336,-1
1.7331452186481922,-0.4776817217358458,1
2.0109489569085888,-1.0483192774630279,-1
0.06515123748534402,-1.029602956463096,1
-1.4387378711297982,-2.865466698789035,1
1.3209789537997587,-0.19753256228123095,1
-3.828793294627127,1.186445259838767,-1
-2.299317150561014,-0.22157507621635197,1
-1.0967467066070327,1.6773981806644724,-1
0.4009956936695869,1.7619851470575167,1
1.255314834991636,-1.3386327859316338,-1
2.9220435911546447,-1.8389531599180486,-1
-3.7871961704408377,0.572884239010787,-1
0.36404951114668194,-1.6401600202026998,-1
2.3451063547303237,1.0003556852245423,1
0.517455331249611,-3.035990825478824,-1
2.0929582231838744,2.4312251938995484,1
2.7817897132603306,-2.289119897452986,-1
0.9916518580732067,3.66142965132485,1
-1.4918009212514884,-2.8488368547620277,1
1.8446404510571113,0.8515666648323584,1
2.75900071944986,-0.39011919702220266,-1
-1.6271625228004154,-1.1882420173621497,1
2.18547875456085,2.665730406276258,1
2.4829848192686663,-0.6310286073931121,-1
2.676249695412084,-1.1726315784231889,-1
0.6629285106042645,-1.2892706628107566,-1
0.4451951798598337,-1.2528448729453379,-1
-2.7573036963645765,-0.11140376725975765,-1
-2.619346092796745,1.6128756580354804,-1
-1.4974538380958395,2.015011397510479,-1
-1.8950261839978115,2.5566842358820923,-1
-0.24560636009582226,2.5917044263044935,-1
-1.5611075080388235,-0.4819312166576999,1
-2.772331414262232,-1.6638926642917258,1
2.3251641055885326,2.171009015470347,1
-0.4519753189420872,2.9744986732777696,-1
-1.3494849798986954,3.383786528292001,-1
-0.981801767453337,-2.1469984178609485,1
2.860804208705371,-2.062586578716583,-1
-0.5923837494157342,2.2477058735041027,-1
0.8491955094949997,0.5159986058976253,1
-0.6627344647563104,2.5781352366880217,-1
-2.119465969722534,-0.6378850041349206,1
1.3400607943471914,2.924803473881857,1
-2.8860659897642034,-2.2015594572521167,1
-1.5472704677687832,-2.4476415366850537,1
0.07368150364954884,1.633430554519191,-1
-1.5748276149318274,-3.4868748173055364,1
-0.16968439439031302,2.268283043710409,1
0.6788136294435047,-1.0268706848388347,-1
-1.6659851694271983,1.5917058198193836,-1
1.082957575313066,2.35275671439685,1
2.154830185297306,-2.4166064633928768,-1
2.1706786883298053,-3.629417689437779,-1
-1.0647344748559755,0.5530642606347133,-1
-2.670019274809495,-1.7027116534463622,1
2.6458002304325547,-0.705482534592439,-1
0.692653673778686,2.400352622903568,1
-1.9881807054066711,-1.947054390323616,1
-0.0484200116799971,-1.9507262655865572,1
-1.3667474628142968,-1.1694638604920304,1
1.2110878839189916,-0.34484789919984005,-1
2.2639761872871382,2.8256521293280974,1
-1.560950104748225,0.7384428126115782,-1
-0.5601771359062956,2.955253158204004,-1
2.17396554328439,-0.4653421170240606,-1
-1.3939232169537532,2.53111958805166,-1
-2.894274369090186,1.780022853520005,-1
0.46843147698288656,3.113856057506493,1
-2.622379011897266,1.0947406592998261,-1
0.5821227678210127,-1.891930796030083,-1
-0.8847496732498497,-1.1629730593100143,1
-2.6708201820454835,0.6572569717750957,-1
-2.0991719472365675,1.9642507797351065,-1
1.2916907512580333,-3.247518178518501,-1
1.0597506001207084,0.3697569002926837,1
1.783733008364341,-1.7870709527138264,-1
0.4437500301244617,-2.206561786180039,-1
1.5780158142869305,-0.27227155225788713,1
-2.4278978991594187,1.3421756621215453,-1
-1.8512315610420886,3.039647929109255,-1
1.550903324999709,-0.1794335548593844,-1
-1.574023085838631,3.6170618110831767,-1
-0.47207382506634543,2.2362256289544806,-1
-0.7443262699255917,-2.7628809434256483,1
-0.754492331436501,3.239675421681759,-1
1.7146104214048614,-2.156059964646806,-1
-0.6741740002075042,1.8242134031844288,-1
2.90064598716761,1.7614794804586416,1
2.487595719659664,-0.4530897551026303,-1
2.888977340900363,-2.10953129378986,-1
-1.3380264384462524,1.847522859892853,-1
0.5536304152092921,-0.4085214306334548,-1
1.4527018235266844,-1.7611385228525676,-1
2.1197619543095065,1.4653565693179005,1
-0.6011467606138485,1.8445036578952267,-1
-3.131035967125785,-1.573981944765108,1
2.0477299599939136,-2.1932870376189264,-1
-1.9466015395905905,0.35341597626844834,-1
0.7267508193877824,-0.7860547838585479,-1
2.2944988215728848,3.521820536164523,1
1.1269034562794242,0.5726967359541542,-1
-2.352094904725986,1.3687257402888213,-1
-1.7332376720846543,-2.322407163809686,1
1.694127794468026,1.3172432030590764,1
1.3389048525481555,-1.3971918312112874,-1
1.5325187581861452,0.6553935089574324,1
-3.0964432952940726,0.6801278112914866,1
2.3618486239856464,-2.367282205025821,-1
-1.523875434121283,1.0927103715724822,-1
-1.383721547730016,-0.8766249994983012,1
2.7778662895866644,0.02745060221080875,1
-1.2815401895895149,2.0922988249659964,-1
3.831217384133899,-1.8843052974852672,-1
-2.2326377593512516,-1.802315747387971,1
-1.0733372586243028,1.7428280920318189,-1
-0.5755519734114183,1.1056654912681592,-1
-1.701587970082613,1.3684496077405237,-1
1.3326237485713635,-0.693215176235829,-1
-2.598889911368376,1.5713265933852114,-1
-0.8433806268148447,-1.0921020372791248,1
-1.7410283255281,2.0698010610245423,-1
-2.017431812192028,2.3670904828879635,-1
0.5059430977768504,-1.8531051654618083,-1
-2.9581719364997054,-0.8656108511240822,1
-2.403239102433327,-1.067135075532177,1
-2.3123359468481555,-0.605175863903479,1
-1.1325151555050035,-0.9858704775233259,1
-0.4277558864986972,-0.3922380925335007,1
-1.8854179122492942,-0.1768254413040713,1
0.4977777626205493,-1.709699672639814,-1
2.6023078747888495,-0.7922347007906339,-1
0.40972936728794185,1.690426139053962,1
-1.7104521787119116,-0.006179966193871733,1
1.996831558877059,-1.5193326259843936,-1
1.4748313870267988,-1.0299074001323434,-1
1.8929448449071966,2.440655664978449,1
1.9217529271973919,1.5392292500637568,1
1.673459375435449,2.4985634384684796,1
-1.824866300736926,0.4682405340143545,-1
-3.4627658994799795,-1.8963623288665168,1
0.9549415457536167,-1.5121358843421862,-1
1.8852101385781708,0.8280651618832096,-1
-0.3730576474843763,2.1519072130762256,1
0.6397370591000289,0.9739587550831903,1
0.22023358242628466,-0.7026392771279094,1
-1.3619244003304503,-1.1712817121137,1
-1.6542809640464835,-1.9898244449501465,1
-1.34116383493841,3.3528791539101417,-1
0.719805665323475,-0.3617330366850575,1
-0.37673117617890184,-2.1113624106843707,1
-1.8055801721848368,1.3493900393515685,-1
-0.11333129939041853,1.5620491842444697,-1
1.9035657468734188,3.197182511454539,1
-2.4929184778957962,-0.9399616961651696,1
3.941179129805178,2.0167915856065335,1
-0.7737954585657216,1.1606929162843058,1
-0.7330523879988926,0.8519112770281155,-1
-0.26832564729212094,1.6463614352270912,-1
0.1644662420970846,0.16558420651959582,1
1.8358586478229668,-3.0396025416329975,-1
-2.053394073580599,-0.9305870526038935,1
0.5668570818273961,0.8910277809039985,1
3.369002821239896,-0.24265253325106562,1
1.6882120817851354,4.117705443405577,1
2.314056972633574,-1.8312069054313862,-1
2.873439975330994,-0.7328114898768696,1
2.060611197178616,-2.252621129187766,-1
-2.407154659290014,-1.0146191636569448,1
0.6721896876106243,1.0877861814256047,1
1.1705331611573808,-2.3562897766672664,-1
1.3547129066962769,1.90787480833194,1
1.0209338980296698,1.070428703631977,1
-1.470536941790582,0.10240556005101142,-1
0.22182360584898264,1.7957110066039748,1
-0.9015570945195496,-2.1464479930156006,1
-2.5289213522777816,1.3702242473594684,-1
-1.3233759642637344,1.661478861929712,-1
2.030574128947216,0.9003474387497725,-1
0.9030042083267588,-1.4392043958940581,-1
-1.9303048019103963,-1.0468872677742476,1
2.6710978432837846,3.873722062163661,1
0.35968675467282973,1.955799805184551,-1
-2.219963914822997,-1.5984353271333693,1
1.6193488338559068,-1.6628226159590598,-1
2.7860978443151705,0.8907287199259518,1
0.9743265796126518,-1.1828551220698533,-1
-2.943480573471837,-2.5355821619571075,1
-2.2352701796473076,-1.570671494123458,1
-0.34014887747897116,-1.3465933309688263,1
2.999776636878672,2.228316060015789,1
3.544822079819106,3.005480919220604,1
1.3952085255803566,1.7625656452310028,1
1.5008099901528733,2.141601312893942,1
-0.010251285334521576,0.6407596146787332,-1
-2.5677026746977942,-1.7131645009212035,1
0.8700157511134475,1.7931459274409225,1
2.1840746274621967,2.5483891350823553,1
-2.305387665233158,-1.7796896965747977,1
1.5056737835652447,-1.9174161089657367,-1
-2.226406073610362,2.189928886805538,-1
-1.019781115198408,2.9250406063856085,-1
-0.19815298503947454,-2.5003798789274807,1
1.0733143535415222,-2.395212769412086,-1
-1.9044651504477914,-2.68733941703366,1
-1.0860750150817449,3.0768231412127065,-1
-1.5250923662772635,-1.8568219729095903,-1
2.015753864718241,-0.7997194590216106,-1
-2.6065079314375073,-2.8027367823665426,1
1.5740464497474862,2.5891123077478957,1
1.9285784189513093,3.2384241272842056,1
2.8233893530289977,-1.3277145068276075,-1
-1.2401371357232067,-0.030329604657409748,1
2.288136958776298,-1.6782266345819705,-1
1.2767206063644863,0.8534722233283784,1
-1.2654431667342034,-1.2118641562362538,1
1.4973105446747623,2.7902701355551978,1
-0.17997021073925445,-0.6781682171033101,-1
2.0942768692868885,1.7336201133046851,1
-1.4316941334838738,-1.2518285997135368,1
0.03918478080136456,1.1683179790783436,1
-1.7305259799005326,0.7560600676519831,-1
2.749751328457207,-1.340263916946466,-1
-3.590420824622647,-0.2921281159125857,-1
-3.3214981377800106,2.0643054834215113,-1
1.8680864062377642,1.3184549477836653,1
0.3149315011953515,1.2508995940785304,1
-0.183673253517737,-3.8924905891954182,1
2.9939287941292556,-2.2492611186010745,-1
-1.9712838405383908,1.7904859245723241,-1
-1.2856073431929262,-1.4374946034242309,1
-2.3372261755816455,0.6888198648345408,-1
-1.5301678402313035,1.6881259951561112,1
-1.3022409645693476,1.1148115097898068,-1
1.4061595012984078,-2.25470266559369,-1
0.5338903603967985,-0.5843201110681389,-1
1.474045404748449,0.46340824298435224,1
3.3199325672703335,2.6487557595721194,1
2.2167924051939254,2.258897964588172,1
-2.126413553163719,3.091178449641248,-1
0.5889839087727894,1.6599813825638297,1
2.2611942988167986,2.9712434005877073,1
-0.730155921841076,-0.6111226145326074,1
1.2066731048487722,0.6210418315744854,1
-2.404890643842053,-0.11039515832111424,1
0.4720954648746407,3.362162271594241,1
-2.1193899304382766,1.0277781063018423,-1
-1.6709019411123742,3.657530447037362,-1
0.883267188037828,-0.5119976848772511,-1
2.1200557319945803,-1.9104806807321177,-1
1.3196411372502512,0.1925955501460388,-1
0.7737167459041512,-1.7262698147296953,-1
-0.9645118134170338,2.0332724457051183,-1
0.7912787817443988,1.2974303637124516,1
0.8051184915445694,-3.600993505405791,-1
-1.2253841140726438,-2.2034719031021557,1
-3.2114313737757696,-0.9341345676227273,1
0.32361511221386685,0.35309920984660415,-1
-0.009837725324446822,-2.515597878257154,1
2.504509460932474,2.516644896746566,1
0.6896300783832983,1.1265344794493763,1
1.1318654068114213,-1.4606388642338084,-1
-2.41320583571512,-0.10893702930210036,-1
1.6924286484848832,-0.19274144654889902,-1
0.43451323829491795,0.9928391235311305,1
-1.5110933026579092,-0.6179754204209322,1
0.9786770874101419,-2.602964609701717,-1
-3.084993156993434,2.325469260263782,-1
-0.5385359603691359,3.781543541755486,-1
2.448960868758636,1.2725343045942756,1
-1.7056818883897573,-2.215512246057621,1
2.4033240103009454,1.9876870067863002,1
-1.4722375394189005,-1.447873727876967,1
-0.4500387583890384,-1.638773900384858,1
0.8024672132939353,1.3531727825491484,1
-2.1285180155225496,2.9839839889920166,-1
2.1845101576681314,-1.2096667292509207,-1
-1.481779063372833,-1.9065584409822927,1
-2.0548266331987826,1.2805717225539721,-1
1.6194760211236323,3.483392095628691,1
-0.3870996214947826,1.3815490184196704,1
-1.912387835548804,0.8534306619012364,-1
0.1243458545011269,-0.7958834075374432,-1
-0.6574818884218745,-2.1671926219949844,1
2.2862758429739074,-2.1158586828888417,-1
-1.3754711618232724,-1.860267378922762,1
-2.919742160148499,1.3525253148945053,-1
1.297078526878373,-1.228192844754591,-1
-1.4966486785232584,2.408080345846864,-1
0.37786624191102614,3.1025283292744334,1
3.0333336456088036,1.8372717271835284,1
0.964607211322807,2.118841335252053,1
2.4791517185936134,-2.3855846766033233,-1
-2.504961855419297,-2.407340952753618,1
0.5743544834191006,0.8932777211073916,1
-1.0576306528468937,-0.6999990846886912,1
0.008011026789893627,-2.0014377591390415,-1
2.2517395346621187,0.20605665649429006,-1
1.1416167786925095,-1.9236114950841583,-1
1.7755550360137529,-0.439116904107792,1
1.7456306426416301,2.298485679671696,1
-0.499812474997513,-0.6614257526041855,1
1.8923872411747167,-1.2115986918995445,-1
-1.5266696122810683,-1.5046553194891772,1
1.7898643222504345,1.063433318661337,1
3.4833626501433117,-2.0605303844583007,-1
2.205186706651908,-0.679522546499995,-1
0.7769136221427576,2.7309303148313084,1
-2.6603925722671686,-2.0683517122020154,1
-2.97970422071667,2.5136571397665497,-1
2.326266032386727,-1.585840394559513,-1
3.001072394727771,-2.4088421682388392,-1
0.44539834288758584,1.757929262759407,1
-0.23980317332488976,-4.676369291532492,-1
-0.3579002509720792,2.93815542797654,-1
2.1964529899477103,-0.6987476453473498,-1
1.508963780364185,2.190368393568771,1
-0.7988060554452894,-0.3584787922004278,1
0.8100763270797307,2.722794253476506,1
2.1312639076724587,1.0603484811033226,1
0.6250956307221045,-2.8641267398808496,-1
2.5605173196453856,1.8038077128625238,1
-0.6531784927664339,-2.7811340725218456,-1
4.084901358481789,-3.8427409569887265,-1
0.31042149405940567,2.0799313794643544,1
-1.4915062457124946,0.8665193661671157,-1
-3.3595962487871898,3.543204752150742,-1
1.2232557041786132,-2.999951792527913,-1
-1.7588037682733086,-1.1964409228951474,1
-2.4755947426219826,2.020061748789704,-1
-3.034649151130599,-2.281603365155189,1
4.18371459108037,0.3065286534734766,-1
1.4331400684213744,-1.9898842613125982,-1
0.788264136328369,0.05893090564885184,1
-1.6431549783945194,3.387655661045126,-1
2.117138977433437,0.20689804772609333,1
0.19986380875685694,-1.456832808134617,1
1.802721906034681,1.4733149570669384,1
1.1580881380457662,-1.8947298181862986,-1
1.577439397180974,-0.12375377748139615,-1
-0.7055819527798334,2.7257665473611086,-1
2.527367512950902,-0.8287982548391339,-1
-1.3426348980617264,-1.8809382611783123,1
-1.175564978993544,0.4310594643721304,-1
0.7759918623147654,2.431052809545371,1
-1.3129213497860512,-2.268492890595284,1
0.9057890366064814,-2.4212694560885444,-1
1.0782632474565765,1.5428949364915907,1
2.2638265627419965,0.20086095171879959,-1
1.2756913645830839,-2.012301334612453,-1
0.9165840622979786,0.9094796236903112,1
0.7496580379640774,0.956704577529423,1
-3.0075041756529552,3.120925565040401,-1
1.7310157265435977,2.430326341252081,1
1.7273069257084244,1.7733247817770894,1
2.741711284706393,1.9638339963678728,1
1.5822827658893124,-0.1875382429720509,1
1.6933172780214811,-2.6847872156564385,-1
-2.146741875849863,-2.0486609270574467,1
2.2579821476789093,-1.1517542031062502,-1
-0.6595335633521422,2.553214250258777,-1
-1.2470718669080985,1.6669190828160685,-1
0.6976395303216039,0.6884887677298068,1
-2.091237010824138,-2.7682943941525187,1
-0.584272281508674,1.6256291759713999,-1
-1.6628501040410684,0.87312462310233,-1
2.031711145576728,-2.633733593720571,-1
3.0532334849390113,-1.5954274890031186,-1
3.300143188868973,1.479968022900823,1
1.2505224407051825,-2.2715635534489937,-1
1.8658869122344242,-0.7973996781318029,-1
-0.023984045529227505,-1.7783159049804769,1
-0.7920026776512518,-0.3925980013514978,1
-0.23814286496135328,2.410699206346169,-1
-2.2247012576503593,1.8924085984783834,-1
-0.4745181709757962,-0.6087194825391741,1
0.0952639697460489,1.1448731326293078,1
-1.8368424992043872,-1.388230383825131,1
-0.6949077417953592,-0.7325887166294985,1
-2.001764327136889,-1.1931163238103935,1
-0.8511890987012052,0.27776534884750936,1
-2.449877353290856,-2.7201730184431594,1
-1.9429413431802554,-0.5699033994994109,1
2.7405666624100187,1.3927811493778923,1
1.3403533203352178,3.5367747353169126,1
1.536310595696033,3.2928027886484497,1
-2.6209109711324357,-1.5725000746914335,1
-1.1969880755157716,-2.0148379699462855,1
1.9210859531684663,-1.2800464004354557,-1
1.855722410827806,2.2706927605776372,1
-1.1261840561902785,-1.6209636589788583,1
2.3887387176364934,1.788282596004915,1
2.0863640786426254,2.1509561285275876,1
0.45006609711535384,-2.6052317876609,-1
-3.0636138596361437,-2.0805975963316032,1
1.2168825749127008,2.198300535919185,1
-0.9530654681137668,2.327983132535228,-1
1.214432989840833,1.9346799610539926,1
-2.2196141258164093,-3.1118626932321662,1
-1.452603856522831,0.24254539682106624,-1
1.9874903368030457,-0.2557187282392488,-1
-2.7089357739740394,-1.752231844262233,1
2.371763050803676,0.8131624198378389,1
-2.9909239356468285,2.7169475177079216,-1
2.9188130038121565,-2.378401307327665,-1
1.9191693724364072,2.5345576930413234,1
1.1271817821600634,0.9650400165523199,1
0.6982081038239674,3.0110180805535807,1
0.25981285424878076,2.3574909685101035,1
0.0832647294502229,-0.7801510874356047,-1
-1.7031195904925236,1.1632251629940362,-1
-1.6573132416819238,-0.5556769447893511,1
-0.22365588217296173,1.7497924280317336,-1
-2.5692037598063346,2.295336056481298,-1
1.7654832102788252,0.6039932911929814,1
-0.5519436614453666,-0.017340194469070758,-1
-0.9962209234213308,1.743184881950622,-1
-0.06371083751806395,2.9705190122444334,-1
-0.7403648763737544,-0.9367834764418557,1
1.1757685821331925,1.9843519563460272,1
-0.5278592794832446,-0.6762526383497836,1
-1.3025093385465807,1.3086751679799176,-1
-0.419440101155681,1.6277561187464664,-1
1.755988241158363,0.415040252653178,1
-1.943051634981582,0.005466327838128837,-1
-0.876998475444318,3.454379930700821,-1
-0.18786591702661792,-2.9168170427555626,1
-1.1352098894210108,0.5279483248442273,-1
-0.7816383988462987,-1.7469355244944884,1
-0.5755099346313506,-1.3674502264749848,1
-3.0789952377121983,-2.117280048682204,1
1.956313014200349,1.7924204908722123,1
-0.4182282512646107,1.7258164173476542,-1
-1.6726144750243224,-0.8732966367581634,1
-0.7721409694079512,1.6193588972754072,-1
-1.0207324527188901,-2.0965441621610577,1
2.0135779154290474,-1.4465642169619242,-1
2.1340861012225774,-1.4571316923440991,-1
1.389547463579892,-2.486425286696566,-1
0.7813473015624851,0.3260534456219739,-1
0.713583278259105,-0.8960087611338463,-1
1.8108818148229926,-0.8938809485855663,-1
-1.2346647979551792,-3.0635958123508544,1
1.2496016430190402,2.0530927594932917,1
-2.232669792993384,2.6649839036007528,-1
-1.6417093256647648,1.0050556207676076,-1
2.1676797415395392,-0.08786449885510339,1
2.159471129657885,1.7512279729275133,1
-1.0310988600196844,0.19969766026996294,-1
4.608935104305699,-2.074252490575226,-1
0.38587027434227306,-2.27946112437436,-1
-0.20039845940200585,-2.422382815984034,1
-0.47285248280999825,-2.230171912002971,-1
2.606130288576363,1.683723416596309,1
1.3135237856892434,-1.895141738488837,-1
2.6330926357566877,-1.0129368545864963,-1
2.3098596018363717,-0.4494350791223336,1
-2.53248482958541,-1.8965565686441077,1
0.799759582221011,-1.0680865840506788,-1
0.151415354957821,-1.7423743767407245,-1
-2.040225974766912,2.0843899929387675,-1
2.747873442907339,-1.5602912807161011,-1
0.978051377314876,-2.712628409302069,-1
-2.0327512716141385,2.0048866398508305,-1
-1.4664096645526985,-1.9900471497886274,1
3.0589207110121768,1.2801943433980196,1
2.766131818713957,3.0500360031145446,1
-2.855225887254524,-1.3412028436512675,1
2.817534871810564,1.3914675055520849,1
-2.7857671593666993,-1.0554002512567089,1
-3.08250584227074,-2.3708106502712294,1
-1.3547517791364978,3.0651376813667413,-1
0.6270284868846734,1.7099281763950203,1
1.0833130329264882,2.0920462118677996,1
-1.3057223092204293,-0.5186982232448956,1
-2.479092573676083,2.17866073928934,-1
-1.3695513841673788,0.3289331581312265,1
1.6292311277175668,0.2999141017490774,1
-1.3882898062348905,-1.5196323817487383,1
1.4302727508173687,-1.7650334472324694,-1
-0.4281210811733611,1.3966226711054026,-1
2.0110784858027935,1.6099741289398526,1
0.2632707104149907,-3.06242736625166,-1
-0.8766718458507867,0.8657609496551532,-1
-0.5590981211582143,-1.2985570479421729,1
-0.6028646831262081,-3.957314871324178,1
1.566996627804236,-1.402717547119084,-1
-2.484566141108125,-2.268627022986167,1
-2.2529641912527207,-2.3703070077909913,1
-3.1245732039000886,0.23641668941277105,-1
1.6244968175809893,0.9607571407570396,1
1.5210706942323873,-1.6708902370522418,-1
2.3679644427857403,2.1793517761782786,1
0.568104001185234,2.348861792577155,1
2.4510335833530066,3.8803620019220006,1
-0.04462077705485257,-1.6125168504428768,1
3.233228866524138,0.8644911373376443,1
2.7313428434929605,-0.9565737745764831,-1
-1.5531751771959674,-0.9657068871752917,1
-1.143509441459537,2.843182650058796,-1
1.3659220116714066,0.9878314683652815,1
2.4480216340227154,-0.6708190410863397,-1
-0.6046655956139528,2.244550859483746,-1
-1.3607420980308524,2.32578548552192,-1
-0.44738169124406113,0.7080319887216442,-1
2.3821779324730494,-0.893267252488207,-1
-2.552288398302522,-0.9383919319665056,1
0.38944752462196974,-0.3640155870273627,-1
-1.3982386085917153,0.4428895030096698,1
0.08520411314418563,-1.3669848716072757,1
0.6205875765070145,-1.9284023456993138,-1
0.83924791597535,-1.081385050577192,-1
-1.665317480029495,-1.9098796085821708,1
-0.5586360261309303,2.718461646010515,-1
1.1471457057206207,0.20026641538448997,1
-2.6076095245179842,2.4828882678029585,-1
-0.4249696230922193,-0.6144740962624483,-1
1.671964628964259,1.8563506040120819,1
2.1436390561671383,-0.41518274304718505,-1
1.347325618161274,2.116668695676476,1
1.6891533308604314,2.3406758752456973,1
1.46136136835161,0.714105159399136,1
2.647362216771868,-0.7814198110722465,-1
1.259906487907784,0.6706899562463263,1
-1.2400392387445416,-0.2700523894265532,1
0.79296050675636,-1.44589455300638,-1
2.7159511671789724,-2.5265465914990295,-1
1.6030542711824323,0.5107893350588609,1
2.4628905623823547,-0.7201393024759489,-1
2.232746055874694,1.243482662060055,1
-1.6774996714283466,2.4869133121341362,-1
-1.7209944279339455,-1.68923243092539,1
-2.4365276394723563,-2.300369342360564,1
-2.406315716681865,2.0583832996195803,-1
-1.8782690429556368,1.8417465178604024,-1
-2.6911970417860687,1.50627573556152,-1
-0.7697284533123248,-0.3138403007853572,1
-0.1642159382065096,0.8285438266737126,-1
-1.4040319657325533,1.0249881458202013,-1
1.0299246602035936,-1.0439520969052705,-1
-2.403821844865282,1.7644260883001515,-1
1.542556834730853,-3.152095565246176,-1
-2.32204052512955,1.5113765264840278,-1
0.008255580905407456,1.2180133817040169,-1
-1.8718913832693507,-0.5142990400414142,1
0.7760512159597012,2.3729340668094814,1
-2.8954381651998142,2.7130236024454644,-1
2.3423467630117565,-2.358160990694551,-1
-1.5322857198702344,-0.6992779534156653,-1
-0.14164552197778835,1.281101399000954,-1
0.9648000483248739,1.6839548245519007,1
-1.070855965935168,0.24217975625596333,-1
1.4577500301047148,-1.7989444477806544,-1
-1.661212903305694,3.1303923985178908,-1
-1.7015409385726752,0.9282381140720234,-1
3.310025129857365,-2.303702333240273,-1
1.8419540753196582,-2.9932321797033725,-1
-2.106232429100325,0.18106176570267607,-1
0.6876697348729546,0.9971285838804532,-1
1.8148347503289923,2.0120484911538177,1
-0.9578421025355274,-2.6239715929829543,1
-2.360926171208729,2.829153271851012,-1
-0.9960189983872328,-0.7326326843017886,1
-2.322475901788316,3.2311237926297878,-1
-1.577153838559504,1.0212849441618734,-1
1.8741554033052377,-0.15596720417674192,-1
0.7531925868565033,-1.24173923091614,-1
-1.1199570341983336,3.7706287390744984,-1
-2.4008524159890925,1.1334977305984526,-1
1.8899831617875393,0.9510255776905251,1
-1.9800984563953394,1.0865432962212773,-1
1.5580887138755686,0.6141463349535351,1
1.0399531293161877,1.5888968594168558,1
-0.0669927827063892,-0.7624211724551951,1
-1.0347838039837673,-0.5501646630495013,1
-0.06382678926957319,-1.9861343549785961,-1
-3.1558684191700284,1.2636065979384539,-1
-1.6269629789701863,2.028302167111387,-1
0.2443031054115099,1.965127951084767,1
-2.902568989623617,-2.632077248313728,1
1.5639976057073748,-1.791935197122305,-1
-1.9325998317574609,-0.7027081383421502,1
-3.26311617035228,2.1886369141193596,-1
-1.5661201610137967,1.2191077429707917,-1
-0.36391824506140313,-0.33313063810068044,-1
-1.2730521575849396,1.7391792261762464,-1
-0.1744595631677479,-2.9549175906283236,1
2.755703238817978,-2.2731985674899793,-1
-3.3487320730234638,0.8909028564358155,-1
-0.6305225045071897,0.975107268087785,-1
1.9499651082614695,-1.4912956377911162,-1
2.7477587263891285,-2.961966962173575,-1
-3.0248375768755,4.348083799331173,-1
2.8073337227612507,1.0691043912941263,1
2.5612496537691367,0.2893914153509567,1
1.4004149559837697,0.9234412292400416,-1
-1.630711380610185,0.015444021935449914,1
-2.7429540550565625,1.078132425974547,-1
1.8881750509125643,-2.4058338969102344,-1
3.2505456995605493,0.6315831295041643,1
-0.9499011600518714,-3.1138022683312343,1
-0.8287228816548673,-1.7088665773114908,-1
0.5032656055934492,3.800484055411032,1
-0.9758249887489427,-2.410348640986689,1
2.7446438376981184,-2.059388964219457,-1
-2.3001345279070775,0.8734777589911495,-1
2.649577722181389,2.267643320175438,1
0.39827844985511285,-1.2204885417246107,1
0.7547786654048675,1.381299921913291,1
-1.8762828757635988,-3.054823484917157,1
1.5125826367651813,-0.6467446905872359,-1
2.8538206800494184,0.4411356236445665,1
-0.5754101510637422,-2.0833460321495605,-1
0.5805230382004007,-2.467453110039803,-1
-1.758746895949699,-0.039531998711786365,1
-0.9758993723836433,0.0836610908951343,-1
-1.2323948222989514,-3.2805275139131695,1
-2.7703190445761385,-0.7171284810523764,-1
-0.20533031673470004,-1.4848288811380546,1
3.3845671734840272,0.19873874576810446,1
1.1603497508882752,-1.781257399294346,-1
-4.397509288700016,-0.8660829081515482,1
1.4281568045892392,-0.9855876451851535,1
-3.5149302624788423,-2.030900082910687,1
0.16854805274017126,-2.786375431263619,1
-1.2374602956999528,-0.9756815673750697,1
0.35889151751172266,-3.5406493418761644,-1
1.7693391174508615,1.2815604121554565,1
1.7196355325264192,0.34985692383227573,1
-0.038317528601662376,-2.3178333783806995,-1
2.99509283709612,-0.3668306128678325,-1
2.4649490146636315,1.2392727971141446,1
-2.19648301286166,2.218910371223996,-1
-2.2424780788291856,2.401825060195757,-1
-1.1103677115004968,-1.4837552936881384,1
-1.1215175715857404,0.248446685221289,1
-1.879286481102263,2.234469383564026,-1
2.199262638422379,0.6326747245775892,1
1.360751918131708,0.6219654361419594,1
-0.023120395050725495,0.876269844897973,-1
-0.6282953326846235,-2.699030707678458,1
0.9565102426889514,-0.5071950801835431,-1
0.28218129675875114,-2.51277785494963,-1
1.8471063842562003,0.9195495739079232,1
1.1722388136868023,-1.9467442295253479,-1
2.8529730837006513,-1.4876883407802624,-1
2.1068488042355793,2.087289394589317,1
-1.6308152684535608,-0.7492333355220475,1
0.509549396553599,0.3271802956028551,1
-1.7625730640252157,1.5510891368733501,-1
2.6772965528068955,1.237697338118785,1
1.6997716361755086,-0.5059736230830082,-1
1.312664861655203,1.653237792714449,1
0.6806791059793905,2.678166679353096,1
-2.7430663284107433,-2.971416526311992,1
1.4719341550615508,-3.043289633541346,-1
1.0226111155782402,1.273227002247676,1
1.6421854566051106,-0.7157939252850343,-1
-2.0853200663447455,1.3114214641829873,-1
-2.130861459728076,-0.22634376038318882,-1
-3.0034531481110074,-0.5285031352205986,1
-2.081952141815732,1.072054366774833,-1
2.069128618177621,3.1757854337598004,1
-0.9498807451302538,1.252454133465215,-1
1.6762787252766578,-1.6091604705381064,-1
1.0551313031463783,1.4482894417458403,1
1.2485283599694685,-1.0358080716168465,-1
-2.4787078958939537,-0.5930986515851175,1
-0.44303440078739453,2.0493676410928607,1
-1.028852611615879,0.09074310353237935,-1
-1.6506461708774245,1.6745704829516792,-1
-3.699000424355697,1.6177096565693738,-1
0.5030367317125649,-1.6908610080070943,-1
1.7427685124069716,2.656945411184604,1
0.9599458647212131,2.0788979878209757,1
1.3433689763535042,0.9502225261817987,1
1.9523558658668891,2.330654214746543,1
-2.1566051250853846,-2.8930720701261032,1
-1.790323700961264,1.8747196318294623,-1
-2.1661000321245716,1.7706599123798958,-1
-1.1004133527289492,2.201615796582083,-1
0.8971646196391446,-2.193599852770599,-1
-1.4038853237703575,-1.379392159479482,1
-2.576395351189559,-1.551376846686321,1
2.3074629484018367,-1.5764840603793633,-1
-0.1668367720122783,-0.17795131835014422,1
-2.5518600661881417,1.8378215671116742,-1
-0.2620890790703596,1.1400794505033196,-1
-3.1466336332391363,1.253779838508081,-1
-0.8763043755077811,1.8531101418895792,-1
-2.111041962451799,-0.0418373755969943,1
-2.3867784280401683,2.7469551220965736,-1
-1.8158599777264994,-1.6479938879286982,1
0.9748157141354039,-2.271829584127374,-1
-1.1333639976436158,0.04145200125824133,-1
-0.5197475433773446,-2.643569439746657,1
0.5859419487000954,-1.0521033983902117,1
2.4449443820361014,3.082072004729952,1
-1.3761992154558953,3.219677910183254,-1
2.323476923360813,-0.2821721593561124,-1
1.8980525834866688,1.076456152261396,1
1.0027235800155812,2.7086467898459223,1
1.5203744281794538,2.7645600677920177,1
3.490288884308711,-0.6776711934648462,-1
3.2861037687701904,-0.15726150156981888,1
1.2304457440780538,0.30371529757960714,-1
-0.5397030600249977,0.020900702700457297,-1
-1.027306726334119,-1.5880443279018335,1
-0.7409315037450628,-2.1885589859940575,1
2.271849232539374,-0.2812471813244555,-1
-2.2476749667606386,0.5798271256533264,-1
-1.6410896161744546,-1.3471838920146786,1
2.1804558748518623,-0.4877535972198854,-1
-1.4423421498107851,0.4569397641948496,1
-1.517083495702118,1.6885128936580234,-1
0.9858716945453817,-1.408518576926152,-1
-1.4290006651855778,-0.4513823324267816,1
-0.30992780547692944,1.8212672452414773,1
1.7277803682887447,2.4863891950698194,1
-1.3105183808986187,-0.27419950141850324,1
-3.039337648746553,-1.1135278495216363,1
1.3894882309953915,1.74403063067602,1
-0.3642865167421412,-0.6624672012660547,-1
0.14458971337810755,1.5508264226492203,1
2.5333158587996545,-1.6193321429548768,-1
1.6401411044690393,-1.85843751824309,-1
-1.3088243338310976,-2.2359248994045426,1
-3.3934769192089034,-1.0261926628005855,1
1.7406228888906752,-2.936715497933373,-1
1.9065064681411004,-1.3648930780955701,-1
-1.2041874146789837,-2.2830077298590257,1
0.7472808481905842,1.7350111732555318,1
1.9742753759100014,0.9534365002612134,1
-1.0310666371647823,1.4502980623612711,-1
1.1820101068548747,-0.9584958022763206,-1
-1.0015653293059774,1.6079624549829215,-1
0.9729290894657383,-1.608149879125926,-1
1.6002578929665388,-1.3890638453733906,-1
-0.19868297250812605,-2.4137459427809294,-1
2.697423129395869,-0.6975042500207789,-1
-2.438824308592313,0.4385884746952784,-1
0.9915238935653591,0.21926539408893575,1
1.2169304495749877,-2.55885853907985,-1
-0.07613371323983409,-1.1552600828556492,1
0.8668013120180854,-2.028112938833517,-1
0.866980783566352,-1.0593247203797147,1
0.577328404887721,1.7290514671367365,1
0.6391337610323794,-0.3089566691283465,-1
-1.2278272954259979,0.6015100623634599,1
0.3296934683144579,1.7685401176381763,1
1.3230410766458336,0.04843565216904411,1
1.1144136960666708,1.8987354768261278,1
3.003572954206324,-2.685205887539433,-1
-2.056145878827283,2.4074168884796565,-1
1.12566474787995,0.877079255926501,1
-1.9207038059907948,-0.09605568321228453,-1
2.041371690186703,-1.6338662674861237,-1
-0.6770015419621905,-3.155977062327464,1
1.1179687624083894,-2.241722114879285,-1
-2.5186535365069216,-0.27353621960164953,1
-0.572741801617494,2.7280740580914005,-1
2.05233247998698,-1.4437890081794948,-1
-1.13845370601515,-2.2552363561249473,1
2.8359367145424046,1.010942375060035,1
1.7508649972137744,-2.8662704047094554,-1
-0.2867452275603086,2.6175103717678763,-1
1.9222251434990074,-0.7331965711135318,-1
-0.5102488779304717,-1.010872323121554,1
2.1189437012640564,2.6503372592235994,1
3.139506646544504,-0.7884195050261923,-1
-2.1086882565312575,-3.09041248229322,1
1.3763671365814545,1.1816311170915081,1
-2.2318536468549395,0.3897042736136618,-1
-2.9065863785466775,-2.1204200265532003,1
0.45851523523070425,1.2839702084014433,-1
2.2519201298089326,1.2085621628485592,1
-3.9186569774522866,1.2676466716734027,-1
3.1791586426852416,1.9125610188596758,1
1.7348034583144412,-0.013208005767281428,-1
0.9309333311198784,0.29762883233846393,1
-1.3220335244516972,2.319842604934397,-1
-1.6003148391478654,-2.8893820147443763,1
-2.2103491184375397,-0.8158409976343494,1
3.3358099297507033,3.002612140217477,1
3.0963751233934627,1.7712235054599876,1
-1.5758012610524201,2.8814490508654567,-1
2.3372863230634926,-0.7561648441252709,-1
0.6317871684812121,-1.5955248233250683,-1
2.19910044336998,-1.0336468529323692,-1
-1.7257894012389963,2.1144923662809956,-1
0.4386533421332479,-0.9914230337495291,1
1.4912745154824953,-2.58389049963289,-1
1.0020144419945551,2.376726933609763,1
2.0372495455000803,-1.5836116490782142,-1
1.696368289850225,0.13072854530908828,1
1.7332230268399564,-0.8862692989788764,-1
-1.6094358553315034,-1.5803582549574768,1
-1.138273854545475,-1.7071993839308466,1
-3.5981944662435663,-0.17914841394260828,1
1.6508917477738467,0.7537376507604517,1
2.8696458132769065,-0.728394923594052,-1
-0.290566258703691,-2.5188225094627437,1
2.107087727588393,-1.3836106178231766,-1
-1.4707994564474576,-1.8548576359529685,1
0.4697524901693293,3.5870794324838235,1
1.568989905776572,1.5694800039786616,1
2.751769863948314,-0.4765994094787527,-1
0.8643029552637369,-0.4744641877256881,1
-2.9359991589459664,-1.8818129930230307,1
-0.12653067568082177,-0.07189486287267544,1
-2.233571419652372,-0.5184140073452905,1
-0.8438855350480101,1.0483135434245947,-1
0.4854118655731945,-0.41483321115371363,-1
-0.8927583353201234,-2.341809008305422,-1
4.60403000480044,1.34764172652745,1
2.479777194622645,-3.711007304790439,-1
-2.0894688423544823,0.7465522603417142,-1
0.33308798016124164,-2.2590007935604017,-1
0.6892547694086898,1.4308970984466816,1
1.0281306667478958,2.1972464786909915,1
2.2503265046177994,1.9613701017774976,1
-1.2714685451201233,-1.1314632265238744,1
2.292444332557112,0.47233595901756775,1
1.4824154638056208,-1.8189202702519682,-1
2.1792406417954817,2.1509920193332563,1
-1.882969257983231,0.9584412172716993,-1
1.0572818604225,1.6536656305881348,1
1.4387171138045358,-2.7670746679446907,-1
-2.0934192161555645,-2.889552947783768,1
-1.7074714797449484,0.6298312781840673,-1
0.9643596192734908,-0.2659209902051567,-1
-3.0214174694237164,-1.6195647384748142,1
-2.5617054904387007,-2.111082294960341,1
-0.12479774576306846,-3.192446889313006,1
1.886418704031916,-1.5014443189566304,-1
1.9588393325446292,-3.6915562375176223,-1
-2.4149029284749655,-0.44788876183199156,1
2.596675210390348,1.438215353164455,1
-2.4840367021495666,2.147713446404527,-1
1.55426802657295,-2.417451181632275,-1
-1.5213830449542607,-1.673839329119681,1
-0.114427161588605,0.4654765774999523,1
0.9519467608717989,1.7015675616059953,-1
-0.827881856642535,-0.3339678252547502,1
-1.5802474138602118,1.4143546194781256,-1
0.9720261877030643,-2.8587879875931965,-1
-0.4871966283249052,2.339282613102379,-1
-2.1092484154182163,-0.8455037419361208,1
2.0572286406463354,-1.630942754975313,-1
0.8632019863186059,2.124321465891534,1
1.3450726730822216,0.5947099495405829,-1
-2.100502432173365,-2.472462808828575,1
2.5974457197546985,-0.18471242366965135,-1
1.8616845394420591,2.523147917152607,1
0.8465336152807438,1.1279163636681997,1
-1.0015233017895873,2.2494386306109253,-1
1.6853424542636959,2.182656210484363,1
-0.8520421937769371,-2.112614603103803,1
-1.3014815445619305,2.008525710513238,-1
1.8393893576732316,-0.6477530390090617,-1
-1.5693687186778353,1.492007925634358,1
-2.266708149734602,-0.2395473631096101,1
-2.2495667183744095,-0.7729492012097815,1
-2.6642617908714925,4.237152707150579,-1
-1.789165343812112,-1.5579273214872622,1
-2.608057056078122,-1.322466692168908,1
1.0017243264201712,-0.18560770552459882,1
-2.4023115862616935,1.6483610220680416,-1
-0.9875291909269482,1.5838284471878934,-1
-0.6335605893957327,1.53499118760974,-1
2.0287577292078085,-1.461707031634974,-1
-1.3197787451554612,-1.5387892139076458,1
-1.6279385169894387,2.237816171735706,-1
1.1746796443002956,-1.451748671727408,-1
0.5613074401331692,-1.4068065492749235,-1
-0.7766542275616091,1.7815355068113758,-1
1.3808045959163713,2.4427699411736716,1
-1.7032285974418915,0.06479623632439147,-1
2.0765770857235673,-2.736829298997542,-1
3.0939516577206576,-3.8956179449713035,-1
-1.5700141178716651,2.169759989326894,-1
-1.7318529329060663,1.7155182756234924,-1
1.5791522870896528,-2.5496848726597214,-1
2.5442678662254474,-3.9276969153688253,-1
-0.9157962205745651,-1.0029058430398639,-1
-0.6211102584414439,1.7250815625250109,-1
1.9027497878338469,-1.0012610545037928,-1
-1.6938091860341453,0.29285338225864455,-1
0.8217003728078259,0.7098308316467923,1
2.20137953369068,-1.7939372696112152,-1
1.3502621060188222,1.3385069181411526,1
-1.1099944480122652,0.43531913767796127,1
-1.4828815806947933,1.1646137752455425,-1
-2.9397581327452302,0.30271839730287,1
-1.7355851670871987,-1.1335490571784446,1
-2.7688846793013786,-1.6624107660628948,1
1.054751544696595,1.5299922252268228,1
-2.275787115074852,2.1316150917488255,-1
2.6879338461110147,-2.374288418625523,-1
-0.9693536547372763,-2.198681803926127,1
1.3275776877319854,-2.7016208799068946,-1
1.9878235315019877,-0.023475799146319032,-1
-0.5475095395074749,-1.8186853905575162,-1
0.7468161081058622,-1.9114344265289813,-1
2.254486543947428,-0.7738957721945711,-1
-1.2252731704616167,1.7108566567789645,-1
0.4522772363092542,-1.2604935258851664,-1
3.45080821990592,-2.0742550281999623,-1
-0.7089220142940956,-1.9994445155124916,1
1.7509150514157632,-2.8990784641473866,-1
-1.2982750336588582,1.511937498101619,-1
1.3094162147571367,-0.4700606314804314,-1
0.36903973538395163,2.309282600647584,1
2.5320703965353863,1.7049887954494565,1
1.251485220188655,-0.1791148325527656,1
0.5368637582436426,-2.2833311597007113,-1
0.3894080187044533,-1.9772867687704323,-1
-0.4204077403210773,-1.2879448483931155,-1
-1.6588293234837548,-1.3069834206117656,1
-2.721584647105757,1.6781006083494576,-1
1.1006799379880945,2.543653262196476,1
-1.596912363185305,1.6093101730759827,-1
-0.8704287841892399,-1.2420860037685135,-1
1.3871158590769461,0.8789962801379636,1
0.6370806840154641,1.7520067035139528,1
3.1514504213647676,-2.79808432228693,-1
-2.7788480942369143,0.29196887780327385,-1
1.338306865029021,0.8783021457924055,1
-1.868607343004855,1.7286105592998717,-1
-2.930553932998061,-2.1331377542547294,1
1.8916913003284195,-2.0368089669735827,-1
0.917295763455629,-2.046460764756877,-1
1.702630710698981,-2.178683547559613,-1
-2.5868012052320144,-3.243414897852368,1
-2.6167703401228595,-0.011896268055976655,1
0.7256241542364369,1.4075346586321802,1
-1.8654879143039713,1.8252760584769563,-1
-1.835212814324829,2.0456218524938414,-1
0.11895497456586157,-1.4385189789244184,-1
2.559192618013216,-2.1924392912657495,-1
0.9205478091838258,-2.3441338642552267,-1
1.4355835733885025,-1.260207372693698,-1
1.3533117092634916,-2.287679292568138,-1
-1.6290762941932635,-1.868841217544125,1
-0.9425503292486677,1.381453662357431,-1
-2.64945351541238,-0.07087660296418163,1
1.6580338351005959,0.9082641872321232,1
-1.1246554687644204,-1.3423705689419767,1
1.5510232717689858,1.6360311070884974,1
0.8491046931951157,-2.310897501848032,-1
-1.8956588959151741,-0.2379649501750445,-1
-1.5375006919497218,3.0460790263874142,-1
0.7041481139091088,-1.5748396839437817,-1
-0.14511187343759935,0.25072356036485033,1
-1.2612709244974876,-1.7914791712468778,1
-0.017409406317089537,-1.053973763890009,-1
0.2618989860341967,1.9174093005839092,1
2.8956140402835633,1.383781899859079,1
-0.06251053955509711,-0.5161298219906107,1
-2.080590535464167,1.293641298097693,-1
-4.526245131139818,-1.918896788072629,1
1.354558158821155,-2.84979685829528,-1
-1.568612658369946,1.5318229930528209,-1
-0.8864212660502381,0.304399096016003,-1
2.407730627385004,-0.45082559223629515,-1
-0.40788258931324983,-3.091995748451004,1
1.2326597179698107,-0.296892127011785,-1
1.9710706405592893,1.1287549477323762,1
0.4453774330523168,-1.5815366606113967,-1
-0.17983532574574368,2.025240095991026,-1
0.19452261825986095,-1.1404048400216455,1
1.724436348856536,2.152838516755547,1
-2.189758547028352,-3.368492296562405,1
0.6850716138617242,0.898026556304239,1
-2.3714440277632742,0.829253688113544,-1
-1.7246066750505198,-1.6153663131122569,1
1.1050590611104032,3.800994933886942,1
0.11391534440259998,1.3937061320326671,1
2.3179421188954983,3.46179764779272,1
-0.8131397286505243,-3.3092775232989884,1
-2.201672739395535,-2.416931609279172,1
-0.5352816997923537,1.5733369866778437,1
-1.5095520072311561,-1.761240525282604,1
1.593314419253492,0.604790612845821,1
1.0216402336277022,1.541533878769005,1
2.7401896342753416,-0.11212374679343595,1
-2.3295580463551984,-2.667329134950732,1
1.1302525591848014,1.1545143364042232,1
1.545736748535807,0.7526666026081151,1
0.5753486391924415,-0.7287085893257913,-1
-3.4036826507259597,1.1615269063163418,-1
-0.49126703815156314,-0.11378143096775584,-1
-0.33076585604102426,1.2056068081234863,1
-0.8721480456645647,-2.959393431476817,1
0.427215452045552,1.3776476374785926,1
-3.109663159397779,0.45646606208301965,-1
-2.6315412394114794,-0.5427482186939308,1
0.7371767086913984,-1.7128195130700872,-1
3.062099831050112,1.2025838418910169,1
-2.3898810159027795,0.742920181609919,-1
-3.325160401959658,-0.5320228628125048,1
1.9470065491871646,-0.8653356756349634,-1
1.8224697857583547,1.112499848736732,1
1.985189970220421,1.8954770033562676,1
1.5540761029547134,1.5151572830884612,1
2.352999614837875,-1.7266917754106168,-1
-1.5029576639783608,-1.4984778275908768,1
0.8694773709705611,0.2554903572951275,1
1.0735566393399738,0.40940773400374186,-1
-2.308907458848638,-1.0407991120748405,1
1.1251406870163743,-2.0812081685715493,-1
3.586147069525262,1.91662808576889,1
0.5428730482548794,-2.4199745126180945,1
-1.9621038824409776,0.43617786292296423,-1
2.4937568676682043,-1.820150960654273,-1
2.2028110035091153,-0.9569892280621883,-1
-1.0456986967192752,-2.2904922392763236,1
-0.33012918432072325,0.4717090559749355,-1
-0.031906497355598695,1.3670040363420577,1
1.9487761458000705,1.980262421960771,1
-1.2614227381527154,-0.4681637344204399,1
-1.6224241720028652,1.1165701755577682,-1
-1.2260419490248795,-0.04989851953612723,-1
0.027097944282765463,2.603284581019556,1
1.900094783099293,3.6741619287302263,1
-0.688702459414378,2.8594367026394103,-1
0.538071895800743,0.7899160915650479,1
2.692910066593714,0.4192138757398505,1
1.1999772404579792,2.581199157882688,1
1.2352618983419683,-0.8472018439233753,-1
-2.030202148507503,2.091908949575676,-1
-3.001120408603267,1.51236860837758,-1
-1.2991545164533187,-0.9793197483810029,1
0.6426127256075785,-0.07303413878947929,1
-1.3948157341395646,-4.21781953255933,1
1.9354155656187229,1.0212210648438456,1
2.132389343211035,1.0948890455695093,-1
0.6289482182791456,-4.8825634473748245,-1
0.7475833216186049,-1.2868550420901825,-1
-1.7746467391453753,0.4279986658905577,-1
-2.9978483548359023,2.15212336635975,-1
-1.0125379075401766,1.475174579973537,-1
-1.101186572186149,0.6272586988308957,-1
-1.6925595915117435,1.6446174851488184,-1
-3.247473689125837,-2.0948439785839543,1
1.7305642542078759,-1.6446903740416015,-1
2.735454843487732,-1.232377276375389,-1
-1.2811078728268015,0.46549166782266016,-1
-1.8000585330122467,-2.3678137047819963,1
1.517110693683517,0.20250421003369024,1
-1.7987622499730185,1.325052316397407,-1
1.255954932319795,-1.658685486970242,-1
-1.3409515091405675,-2.9647420550408228,1
-0.5619228508127366,-0.02432507899873637,-1
-1.2037364316182848,2.1494841503817326,-1
1.6121308747398013,1.32775257384003,1
-1.2191477901032082,-2.2986531018177225,1
-0.4026513540012431,2.463700544062607,1
3.1113567600702257,-2.1837280773194303,-1
-2.365812105423895,1.1268877946503677,-1
0.5416154040925192,2.3978712858811435,1
-1.8571313806086927,1.87037680039162,-1
1.3314313681073764,2.480205712348976,1
0.7158569188808395,-2.2546414703255544,-1
-0.8855531160518859,-1.0665462478978358,1
2.658208683213423,-2.2351851033775687,-1
-1.8574824605462172,1.2738761775876486,-1
-1.5430698799135254,-2.5497374670295514,1
0.059991396234950756,-0.0932275278399719,-1
-2.0045125273151987,0.5401448416199379,1
-2.412390236079413,0.681012896617519,-1
-1.5303834287403046,1.9651226669194577,-1
-0.655194684571199,-0.5479679356631852,1
1.6441889272761234,-1.742181954100629,-1
-1.5068452774763341,2.2706815273330427,-1
-2.8670439751932255,0.5702030826368214,-1
-1.1422734819616653,1.1110220234111021,-1
-1.8347493743156293,-2.6044330798060167,1
1.052088411757259,-1.5626340206230112,-1
3.1169619385273295,-1.022645794263184,1
-0.1990279722924726,1.8007298228278683,-1
-0.6173295731658027,1.6970576253693719,-1
-2.077201130077557,0.26183626134741056,-1
-2.511751928297935,-0.05006601674291167,-1
-2.7841580524238827,-0.8947014700922152,1
1.2369693810222187,-1.5554973805483487,-1
0.10925502284281596,-2.0854628339629997,-1
2.6541394490954366,-2.064116417812887,-1
1.2826820075142558,1.542452805268897,1
2.0186760421087877,-0.3133676917087491,-1
1.3116528743648355,-0.5214067994994703,-1
-1.0808292850832941,-1.0032362610465686,1
-4.120078696641368,0.0405052384208231,1
-0.15808521548840693,-2.991809738226062,-1
-0.28597819167361593,0.9431386406942188,-1
0.060457143166332106,-1.7776073216912578,1
2.438287719456632,-0.12007006342690918,1
0.11818920176547199,3.448355697808403,-1
0.4385933422052066,-2.2201436538690755,-1
3.3290221577435557,0.5527577650237524,1
-2.0783221806908374,-1.732788608484947,1
-1.9821174658805423,-2.28902166118863,1
0.23983465827339123,0.0098258383517702,1
-0.6524628319748697,1.0958958644027224,-1
-1.838064527205955,-0.15444530904249376,1
2.462138431855129,-0.46551783280257486,-1
1.8537191783428062,0.16719708401285183,1
-1.732726737367102,2.081444580348056,-1
-0.524009075783251,1.6134182300537565,-1
1.5419273161343867,1.9945950139180448,1
-0.6711625117561685,0.8387485225421469,-1
-2.7057817084667377,2.1665395865778354,-1
1.8062661649057017,-2.0750934698516534,-1
2.5502229767085955,1.962774279519823,1
0.3692010008388631,2.4645086701518415,1
-2.9613890616000935,0.7023049096820584,-1
2.034167712372736,0.8385983988926093,1
2.3992990842582023,-1.9877307559830553,-1
-0.24702873489807553,0.9486464819194459,-1
0.8319307808255832,1.7714121419954405,1
-2.5139172368476412,2.3476215156022815,-1
-4.03594400254639,1.4923084480444262,-1
-1.9626170015227393,1.8127091884297448,-1
1.023684662999406,0.36565373241072807,1
-1.9679554670944537,2.298248711518746,-1
2.2526768591416104,0.08469768296011271,-1
0.7049468556355114,2.174299336836097,-1
1.5754925259433532,-1.436785108866431,-1
1.47806779634775,2.634600864463446,1
-0.7739442840549676,-1.7166729086795456,1
-2.7124870215323114,-1.5292777792691643,1
-2.4619673915412434,-1.3870569777961048,1
-1.2519765399587504,-1.244876188266984,1
-2.511735924026652,1.9588489670273668,-1
1.9818120154357732,-1.3698773142333143,-1
2.145910178113963,2.427855165932675,1
-0.6723210335868688,1.6010462695686107,-1
2.2859145112263093,-1.3100785483584583,-1
-2.019954049077431,-0.428391330212867,1
1.8379735866170845,2.0401531759470637,1
0.133837509201846,1.3035520678245722,1
-0.6742780263568718,-1.7665661724644746,1
-2.5626537914525622,-0.19795131437699975,-1
-0.23111809143605688,-2.7595114930299114,1
3.1420578008995697,0.2336730317130864,-1
-1.5891834814129662,-1.1108050091309902,1
3.2383962029163618,-1.7999871099790692,-1
0.26581074654342096,0.7264022389288177,1
1.6723399227892575,2.8387900553889267,1
3.010632170648135,-0.3851967157968297,1
-2.7022602881334015,-2.959505063666912,1
-2.9214295449936927,-1.1248824041274919,1
-0.7268716596180161,-2.3041267663471765,1
-0.36463706120128503,0.24931109764225168,-1
-0.565615616979263,-1.3174309217734677,-1
-2.241709175239424,-1.517167949785995,1
1.7212984584689668,-0.9902859281598247,-1
-0.1701250464658548,-0.6217376972471658,1
-2.156395054868001,1.6132354728337093,-1
2.8064754578123816,-0.6662715446347798,-1
1.1161099152513965,0.34753112902976957,1
-1.5128165864501173,-2.4563314640104226,1
1.2676352930997679,-1.7282741903404824,-1
1.5091139909369344,-1.4031744875063026,-1
-2.049265698981409,-3.371937892089252,1
-2.122030338544054,2.662756890733737,-1
0.9209521718149994,-3.6143134395437246,-1
0.7726923770934726,-2.5522571499517976,-1
1.6164973028838348,-2.9455684114727703,-1
2.2366999194675428,-1.7473953724892928,-1
-1.5604553123871467,3.4109305366126375,-1
-2.171614575426997,-1.6195825425761223,1
0.3068928091954526,-1.2938226647451156,-1
-1.0619731945196569,0.9480219259810662,-1
-1.3655965080475245,-2.7551991419219606,1
2.057161958247551,1.8640064629366426,1
-0.6891427506201346,-2.369378542724812,1
1.4607637038091665,-1.563730490085094,-1
1.5475969679173882,1.4791342352467522,1
-1.32871175199436,1.4034733299296691,-1
-2.2058212736375684,-2.753778674663172,1
-1.0549177103354697,-2.0521624627566912,1
-1.8569762445983222,3.263571540419736,-1
0.4641546016927629,-1.3645246344249151,-1
0.8855999583749468,1.2460761835117768,1
-0.9332037801315979,1.7971755482565777,-1
1.408342441067386,2.0743808918369817,1
-1.4473342765694397,1.5337550725162872,-1
-2.004260192806629,-0.7216890242226524,1
-1.1937346444597703,-0.3055094804891534,1
-2.507553534742774,2.5421901294983944,-1
1.0321633895811764,1.0557096226447888,-1
-1.6539273352190826,-3.5235160866670476,1
1.4753417878764983,-2.5992017714381523,-1
-1.7723867581130528,1.1365928462422588,-1
2.4821173085843515,-2.8957899585980513,-1
3.123270288826146,1.1636356479102268,1
-0.3293499458198599,0.3405529052397729,-1
-1.4528090599402945,-1.1017590966037505,1
1.6854841755848131,0.5578639877292116,1
2.4126910036536504,2.61766990594263,1
1.2838006625772382,-0.3358300244344836,1
1.6957634974230462,-0.14488000777291843,1
1.8666399994542664,-0.5241390422831819,-1
-0.6368488923323224,-2.984697163841938,1
-1.9836336636160048,1.643773976969708,-1
2.144067186073307,1.7529885001599008,1
-1.2370596026704468,0.5876482635717865,-1
1.0670344829234686,0.24058493174188844,1
1.819772652300483,-1.5847261755036266,-1
2.5502510299879257,-2.3332044740936513,-1
1.7842299466862583,1.113331633293471,1
-2.4366134380359803,-2.2970129892967277,1
3.390585072176962,2.461930983249806,1
-0.06858086354925663,0.59800135777036,1
1.9996293923145778,2.69303365306249,1
1.5006330250979685,0.2569369481014747,1
-1.9376707997060725,0.7784118421129104,-1
2.206928031333891,-3.2273342863358296,-1
-1.747311418154304,3.0109486981917,-1
-1.9521071250504267,-0.9975660143413723,1
1.9967397855899958,0.9023870655259462,1
-1.45773920269678,-1.8447566178448054,1
1.1443339190822037,0.13430056639693255,1
-1.5776354802273742,-0.11819778726039498,1
1.622768525067933,-1.5811890558960677,-1
1.9160197913577626,1.1548194039747592,1
-1.707520127063502,-2.8165551651764833,1
-1.8438827021857838,2.731923917889131,-1
0.8668514733274392,-0.787272439694854,-1
-0.33668671874520517,1.6255528824113572,-1
0.633067971925162,2.228322698561425,1
0.1423411697801662,-1.9801882933820107,1
1.2813653470696345,-1.8594938410257393,-1
2.6111079481964876,0.5494091785857435,1
-0.1907187529837837,-0.514047420796932,-1
-0.5639725884257206,0.9489475667933027,-1
2.8038367429059945,-2.28533606909507,-1
-2.2064405261104296,-1.2891725542372496,1
-1.2786593497379153,2.1586209921123114,-1
0.3254479618462929,-2.1027858709363154,-1
2.938357038675645,0.9260514300889682,1
-0.08683634341859015,1.1983714199159228,-1
0.9128659033953489,2.1483412533792072,1
0.22949953249939714,2.023124730027924,1
-1.9539145125103319,-0.06809068329816403,1
-0.6804892292417126,-0.11095563719969159,1
2.1053766671429988,-4.173995156531786,-1
-0.6091677212755718,-0.9740798458084907,1
1.7934107297156714,-0.15304455896841151,1
0.4759326700159221,1.7022700334967473,1
0.5597619022123832,-2.40745104538504,-1
-1.1432906991917924,1.4487753664866145,-1
3.428700132640348,2.261809521324037,1
-2.121216835715973,3.223191149668925,-1
2.238087170028775,-1.9645493535787164,-1
-0.40645501210803725,2.87986483612796,-1
-0.3411325543033872,-1.3104635434031056,1
0.751204695726751,1.8320937987024664,1
2.090780906239574,0.22133124902794488,-1
1.2116408265066734,-1.5488492960963698,-1
1.2252085214324933,-2.2984756631499104,-1
2.64350679890826,2.554700451447334,1
-0.1436863897959728,2.806015021038012,-1
-0.9165946527508616,-0.7834048363215703,1
-1.6804188654425625,-2.7619821954746566,1
2.367762860205312,2.4240049538109565,1
-0.5813333373704249,2.634781757162547,-1
-3.501062278033636,-0.6986833412640352,1
-1.5203109556112515,-1.6662695971061081,1
1.2593005063745295,1.5202553347488104,1
-2.835796326204777,-0.889583730538478,1
2.7208394531904476,-2.763564972959819,-1
0.20630003089008664,-0.5494646996844001,-1
-0.6085537571608444,2.335006362278608,1
-1.115981030094726,0.6396316594566924,-1
1.9891565249726317,2.385989708437877,1
-3.162351089136648,-2.230189208077137,1
-3.059324104409389,0.7252187936445711,-1
0.3054806201520408,-3.046287518285845,1
-1.2038647162905776,2.9633915739157555,-1
-2.2257913955069046,-2.1672762046879965,1
-0.34803973521830556,0.34142002947755135,1
1.7936769064909255,2.178149046426144,1
-2.042622132124471,-1.0260263189526264,1
0.023056012937650472,1.4282086347958587,-1
-0.8317014201453763,-2.7868340027549454,1
-0.8114035573652756,-1.8539233807543933,-1
-0.04736698016880925,0.3091631800949979,1
-2.680432596148375,-1.6208482513176439,1
-0.876748096296598,2.0236367350043825,-1
-2.8490770440438284,0.9476499470807929,-1
2.9505797429566316,-2.9602308096270207,-1
-1.2695205234083926,1.8156494622432535,-1
-0.3321890949417945,-2.3070701973566603,-1
2.2168510642609607,-1.3995628063295815,-1
2.7213792911438164,2.8002224132515483,1
-1.6862622406772263,-2.5570261402680283,1
-1.572219624021262,1.0333241937606958,-1
-1.5668177412468483,-1.486108030638154,-1
-3.2081820760080877,-2.1244618274368845,1
1.0424576887670078,0.990169941075163,1
-2.099886352978418,1.134147167495426,-1
0.6924483369683837,-2.4977973881593267,-1
2.2427496331430743,-3.5107376864415487,-1
-2.0401372112431417,0.6273472108488374,-1
-0.5565011697422835,-1.885316870744115,1
-1.5791921875240145,-1.7751152706343791,1
-0.606243498156602,-0.48361583721829704,1
1.7376684665561,-0.599781627927914,-1
2.8526292586678164,1.3660609109386168,1
-1.18253733682046,1.1773722699048306,-1
0.4628974236113097,0.16765928090002058,-1
0.17404221092816718,2.407387358664286,1
-2.345186036401099,1.787416753476387,-1
5.460174444181188,1.8152084159407194,1
-1.9015706413250466,-0.010110875580391587,1
-1.7182404874051018,-0.2617246701923408,1
0.5822436531827011,1.8256948436152436,1
2.3778028179398296,2.459388700839201,1
1.6130497448296446,-0.47776588099341577,-1
2.4688774956606934,-2.2223552451644073,-1
-0.6195530386959984,2.681537783723498,-1
0.95622207023888,3.2174875578073077,1
-0.6029775415878511,2.1048097197534017,-1
0.2092769557949028,-0.8402816746061038,-1
1.5192412807487587,-1.2391138270711433,-1
-1.378221080812231,3.097474859695178,-1
2.0454884067237717,0.23013341078234828,1
-2.1306182441780797,2.7921917351984424,-1
-1.5053414189510796,1.151812814095835,-1
1.1490601578132673,-0.38038918631006813,-1
-2.63445621257148,-1.1434091353878768,1
0.3923187001110857,-0.609567451434834,-1
-1.8574931036792184,1.1932741286800939,-1
3.801532805096347,-2.3075380582649587,-1
-2.3875087645315087,-1.90368600285478,1
-0.8454198842317349,1.438651952109887,-1
-0.03330807978053851,0.7968564648515869,1
-1.648748783192477,2.7300282932273214,-1
-1.9763060892952993,-2.0100638338951144,1
-0.2478936062171022,-2.1074047687399764,-1
-1.1910382523671181,2.389719411795607,-1
-1.644334256021483,3.796776799523288,-1
-1.8828972838546802,1.6223233022403438,-1
-2.1081923995895817,-1.2218219003917574,1
-1.18455129312292,2.3132982171242435,-1
1.2328896252438186,-0.8660482584213655,-1
2.311768093837996,1.1572370041827833,1
4.021582789965377,-1.2615712300163078,-1
-3.6166739847797453,1.615110075877536,-1
0.9220883812992364,1.991388671937149,1
-3.0573443251769197,0.5846142784675926,-1
-2.4345288026115455,-0.4377133763974628,1
1.8240645863119844,0.5570430124847187,1
-0.015920389086533815,-2.867803113420507,-1
0.6959847672596999,-2.651066326641896,-1
1.0851604582618923,-1.107733200536302,-1
-1.5427310896264315,-2.7847633609951377,1
1.0256587852384147,-2.257479374343962,-1
-0.33588764397441584,-0.5224048170214033,-1
0.34969315866041817,-0.8997892255077823,1
-1.5307390658299893,2.0286344331801325,-1
-1.286072932644431,-2.227756268110527,1
-3.9018475753625683,1.609196107443354,-1
1.2378449945395067,1.4025296152965636,1
-1.259581812854133,-0.7319966302528208,1
-1.0596511688765142,-1.662036768369871,1
-0.33703856564314116,2.109654170153126,-1
0.8747845976485965,2.5560023697831684,1
1.1187876358319393,0.6345308021553153,-1
0.8034889520322281,-1.313436118620832,-1
-0.9113630598862362,-0.8985815222032675,1
-2.139948737416123,1.4096387447643064,-1
-1.1107763303235225,-1.2924247086245608,1
-3.3720265619196295,2.4177748382783832,-1
2.216967572909371,-3.709496196106223,-1
-1.9816077664583784,1.9249802701548875,-1
1.6435305681216863,-0.9803091101680151,-1
-2.11125586919263,0.3763211210013615,-1
1.114280277165839,-1.885004131235576,-1
1.4971884814879464,-1.4965924186034192,-1
-2.5637216662144424,2.2554273460988563,-1
-0.5872288933271393,-1.2740222135073618,1
-2.4649237897676324,-1.6629896149087988,1
-1.1980238546262008,-0.4947146547944299,1
1.9881433700434212,-2.3430318670022716,-1
1.0767114938923479,0.3428096644369767,-1
-2.385655666551808,-2.5561819945198607,1
-1.8582891555811545,0.10919887808953566,1
2.114480187636828,2.4527692692317347,1
1.8249768047384305,1.7279638785983278,1
-1.6817848400275164,1.2985013698745438,-1
0.9629501712137953,1.3525397062343993,1
-1.4393821059901288,-1.814297742275094,1
1.8774729603211573,2.410922954588524,1
0.29779453771597386,-2.4607814681279243,-1
3.8762869925591117,0.9821438940462045,1
-2.1285325095064636,-0.8178629056540683,1
-0.465055806413885,-0.6128884791164433,1
-2.7233996352213694,2.8527340182347585,-1
0.42526423619519527,-0.2295691244652478,1
1.1903713414885957,2.3104038194130903,1
2.761856257999677,0.16303160536884898,1
-0.5873070927415414,-2.6206990690758243,1
1.3166215590596708,-1.3257578414768973,-1
-1.2747229420723536,2.046628031696601,-1
-1.1591042972458419,1.15889080318813,-1
0.9988315985790714,0.2788471352172377,1
2.5999532248909736,-1.8825473841048779,-1
2.538847287200041,1.913992926541194,1
1.291739428862583,1.3375500158781288,1
1.1513593504006456,0.2421629690161069,1
-1.298929904768518,0.8689785134976941,-1
-0.5665251714378631,1.7784208188687534,-1
1.8399534333946872,-2.191339303816032,-1
-0.7862591267959139,1.9795189560869926,-1
2.3517830284242387,2.3322062975237916,1
-1.7241725315941485,0.8690725655565273,-1
-0.47761461720668974,-2.055729529250805,1
-3.907612822250774,1.4778199606882192,-1
1.262354436177584,1.0689313526295714,1
-1.8161290322455184,1.538794066918293,-1
-0.9706409845570039,-1.4830599675975704,1
-1.8051592882516454,-2.027333059197182,1
-2.235838491933423,2.5228385320831235,-1
0.8848743140700835,3.1917290539757266,1
1.5701754023451695,2.5196813024603446,1
-1.2325200092381428,0.9421993625981371,-1
-0.15021223225339497,-0.6147711140307658,1
-2.5492472401271566,3.0401112111167095,-1
0.248404940314074,2.2044905111819633,1
-2.236761436266501,-0.9804648105352182,1
0.7899939701415124,2.574414434135644,-1
-2.7578050513399495,-0.08366391763448844,-1
-1.3175367759522292,-3.1645533535759145,1
1.0088727807380482,-2.088654681094523,-1
-2.0622734412210484,-1.042650927746895,1
-1.765403104508679,-1.2228350252755522,1
0.06288539780646119,0.9865021110343638,-1
-3.2351790307118886,1.0817977328383594,-1
1.2138236429712772,-0.14192546610963874,1
-0.01705836406644834,-1.40991803461222,1
0.5090769479497053,-0.7549673459956618,1
-3.2485952251075227,1.9714343976019086,-1
-1.1975434436378594,-0.24126678281037384,-1
-2.5449447826069793,0.15067832329343234,-1
1.0689265953010212,-0.7999393804490063,-1
0.19646517006136688,2.4964304305091254,-1
0.7456818055947133,0.07523741625156855,-1
0.3580186837244592,0.612031644049759,1
-1.8529853636518108,1.0616068127184013,-1
1.46568941403691,1.3634646214858586,1
1.8948910808212562,-1.165436586059592,-1
-1.5541805712602983,1.2047055544632432,-1
1.4844207602223063,0.13117100422208483,1
0.17347872951826893,-2.67624167879365,1
0.7574404918206986,2.113010107280305,1
1.5791073244488465,1.6844303122603388,1
0.9839605825044785,1.0119945649155206,1
-1.552051825094112,1.8564909253215183,-1
-1.8856209582499606,2.0338201954894926,-1
-2.3152504301296277,-1.1497645120817728,1
1.1029165401531258,-1.4807197652078694,-1
-1.1363448685045963,-0.6414611600839135,1
0.9510148900437957,0.5017965760037694,1
0.49734650403025205,-1.1115810085423365,1
1.8590467976786724,0.10828742819743886,1
-1.2274606855752457,1.2987904693347763,-1
1.6821402834834307,-1.6297058085162233,-1
-2.27457725476895,-0.14265327835889496,1
1.7295688829913498,0.38821612269708283,1
-0.43418883466591995,-0.39849861291484,1
-0.02621356127967789,-0.2583034557450514,-1
-1.0069221027792448,0.8259506909939661,-1
0.5477160141189532,-2.162028314627569,-1
-1.8603073032830117,1.502360066180946,-1
1.8116506711337208,2.622203048268452,1
-0.5107179866676973,-2.757064229008038,1
-0.7960085535246016,-0.13389540922002974,1
2.358514639709023,3.404480431469658,1
1.6395668524321694,1.287599445267743,1
-1.7919541902922642,1.0737093645015614,1
-0.12236879692465874,-0.19913142935952144,-1
1.2074088938297607,-1.1942974340801173,1
-2.3190460348208357,1.3402919075054698,-1
3.6443529283777325,2.632452089962676,1
-1.638932722306913,-2.938054278928459,1
-2.842088386002202,-2.4643840574472704,1
2.2284139230937168,-1.6412300445942871,-1
0.759654291569021,0.1329244068007993,1
-3.250303830574622,1.4492399382475456,-1
-1.7889932886490176,0.6157394518998827,-1
0.11462705989656241,0.9097472140880689,1
-0.7340471667599467,-2.227056513068199,1
-0.9234512044097455,0.056970838587704575,-1
1.150124461774853,0.48675483235132,1
-3.1700292187172483,-0.9557950326570378,1
0.38428186688716015,-0.9661434030906934,1
-2.4374334515459775,-0.5163287554706054,1
4.124742650866358,2.0979539039156583,1
-1.9458985838243246,0.009002875506420427,-1
0.6424938179500292,-0.9465321514686537,-1
-2.7749917906245707,-1.7917957975888523,1
-0.9828768775036674,-0.7587447414818319,1
-0.12118020193782564,2.3510263232153163,1
-3.3352379392066327,0.8259651805952439,-1
0.31048303816342426,0.6232774842048183,1
1.1325643661939981,-2.5723262116238943,-1
0.7311689854132315,1.6702707238049996,1
0.7877710604320927,1.3020271929539997,1
0.6284655547873536,-2.003840749777525,-1
0.21587855971380931,1.0344229748046043,-1
0.5716199938097262,2.3594539649124804,-1
-1.404610562906954,0.6590923982838025,-1
-0.016690095249297876,-2.0674403146748563,1
0.2268940663697776,2.5476626042662507,1
-1.3493886842033604,-1.9434180549918523,1
2.1845176895645793,0.6289263074187201,1
0.8454423965022276,1.1337804494130157,1
0.6553954093142573,1.0991910511655762,1
0.5258668039639516,-1.4957742566444554,1
0.3268000950972678,-2.756108139201967,-1
-0.09698908556239405,-1.789475313440006,1
2.340330705585445,-2.278647346611458,-1
-0.1630615239582367,1.0158213893120585,-1
1.1568604468396868,-0.7077545426615206,-1
-0.18962501378010588,-0.6335146340928623,-1
-0.9873901610807431,0.33937636283080663,1
1.9515146635118064,2.1648857831817034,1
-3.162927526491476,-2.6623699319607708,1
-3.036835855750299,-1.4837666839032158,1
-1.7910259049918063,2.0320315812854135,-1
2.8610039682737565,-0.674102770813289,-1
-1.2330220946279669,-0.7074712904230651,-1
1.7370886144100222,-0.5983590070655307,-1
-0.7705734388832911,2.1762416400260625,-1
-2.1459159071173515,-2.2689480935256405,1
1.4299635202471481,0.37406458635590556,1
-2.033496427023266,0.9954153198811859,-1
1.7745342554615373,0.9303902031907316,1
0.9783285653438564,2.866950396300439,1
0.42015582803730567,-0.4395345880813124,-1
1.5061733420686871,0.06130846386924316,-1
0.13882981190053822,-3.0328510944996383,-1
2.3122742146686117,1.4586957463460821,1
2.024945561668965,3.357928924228003,1
-2.3972251985195956,2.319145527880603,-1
-1.1767696367371603,1.5261073426009353,-1
0.18869771973275684,1.9748675663781903,1
0.9045009021163402,2.37976422869568,1
-1.6213598647127243,1.0675436164062175,-1
2.4762724288943025,2.099846184742863,1
3.3542056159204976,0.46744794536195,-1
-3.188962581703216,-1.8551958426487114,1
-0.5483556382711412,-3.177154280209615,-1
-1.993343488623473,3.00455159233333,-1
-0.6666993877022693,2.8304781943002624,1
2.1831997512097834,2.470225424130592,1
-0.3876475524453109,1.144389240111324,-1
-1.5961670289081977,-1.9730292036117913,1
0.46095912318187615,-0.9495609167242639,-1
-1.869725574071483,1.5677857839945601,-1
1.9781479594437466,2.5366444171741644,1
2.56605199564443,-1.303647740071754,-1
0.7603475433335956,-0.948218315078085,-1
-1.87505973736448,2.2942965032823466,-1
-2.9355212162060913,-1.36624875311792,1
-0.030958242280902493,1.497988113013137,1
2.4951115103553008,1.3486210474140632,1
-1.0649721075302987,-1.9223763234182285,1
-0.4287284693751807,-1.0860285467356992,1
-1.646686516377373,1.9246853875017755,-1
1.5544037772789538,0.8540331332502342,1
1.600318294346678,1.7706241962421703,1
-1.6070785927019846,-1.0486544105175009,1
1.5591026230867402,-0.3668358958762934,-1
-0.462195481015387,-1.6765284153743232,1
0.11311514422773472,-0.659809039337112,-1
-2.7269461050638752,-1.461514748532395,1
1.549951850414815,-1.3443470221506482,-1
0.2722289199448038,0.4582347965342901,-1
-1.8967224245694456,-1.4391118718218598,1
-0.7836238642261902,0.6799522828829675,-1
-0.7892706699421577,-2.5881354702354313,1
-3.305483777789636,1.577178192754433,-1
-2.0833619938342753,-3.236458833518323,1
-2.3516931209502983,4.325569343887333,-1
-2.403273196155095,-2.291595309853122,1
2.9500330922692415,-1.6319141848113765,-1
-1.9183851301889625,0.6462111455574184,-1
0.5195075009663888,-0.741863583296338,1
-1.7377393951086544,0.8100464928010982,-1
-2.52101942186449,2.5046774378208534,-1
-1.4495734778021552,1.2615548793843823,-1
3.805447778242566,0.6283585303773677,1
0.8788581863392858,1.6841616397472403,1
3.2828856883207047,1.4982715127590882,1
1.765516637616688,-3.8332982703614675,-1
-2.126058652553109,-2.679276697941556,1
2.728383692845635,1.8624119599978952,1
0.3371629115437882,3.168166085329173,1
0.5931226193679402,-2.147134631172738,1
-0.7024716789340941,1.9371027319123508,-1
0.31913928165037864,-0.14401309275887852,1
1.5910378416879845,1.785898940609511,1
2.848668751112187,-1.4291942959374244,-1
-1.1617495905384292,0.3759477397846962,1
-1.9988602026463744,1.1870019048706664,-1
1.0971914460717336,0.9927687756571052,1
1.4748310614327662,1.2189588567913787,1
-1.1855542097297334,-2.273215933018466,1
1.078512852953459,-1.862398573011509,-1
2.6028273922240728,-1.8341413871618473,-1
-1.6593762560888954,0.64730895729997,-1
-1.8098429916036907,2.2898493079834994,-1
1.5840033507713538,1.2846966692646025,1
-0.011315795239186244,1.7779137841090387,-1
-1.9710879313087948,-0.172173364644838,1
2.1911912491397074,-1.9304536566317005,-1
-2.310407638064004,-2.732428471603785,1
2.2237852100708233,-2.014852355124646,-1
-1.0971332792279898,2.079089761498296,-1
2.0668907885050616,-1.5806104699957868,-1
-2.5616801692863937,2.0353242450493476,-1
1.5137790543912217,1.178169142485542,1
0.5056287161800034,2.6964020585696393,1
-1.2083095399575996,0.23945363101223527,-1
-2.0893033612179397,2.19214457704798,-1
-2.013247898474037,-2.095185102001974,1
0.4181257632160136,0.748070853635629,1
1.4681150617368155,-0.6718795081955813,-1
2.4811171829483554,-1.753427237855156,-1
2.9455953428655954,1.2206147395318712,1
0.657198565905267,1.6129861945347745,1
2.032212619878917,-0.47646433278039435,-1
0.9314668791348588,-2.1125023647242402,-1
0.13215870554777842,0.8230336280109084,1
4.372243244860481,-1.2847742422177404,-1
2.363620348531204,-1.6265516889919986,-1
-1.6155393654153036,-1.2617942010388608,1
-2.8837049805153496,-2.331546737686558,1
-1.9223919845427344,-0.9068058297602767,1
1.603488560457385,2.351661872590711,1
-1.19363889281971,1.9537415401548721,-1
2.549011330805813,1.2432562793136026,1
-1.8730071295615585,0.9645939538732566,-1
0.7733567634284775,-0.2185297130856434,-1
0.7601113701199572,-1.4407223998161245,-1
0.2631999225508408,-0.697093127786013,-1
0.8493336094990412,2.612132220017524,1
1.2534849730639783,2.094567874799941,1
1.5868333771687757,-2.631129562080966,-1
0.20497263712346947,-0.4624145389654273,1
-1.1552847190681743,-2.4238508253006255,1
0.9973555685330113,0.8590604664761705,1
-0.10629604870199127,-1.156189917441783,-1
-1.8096976314120932,-1.6949058801019778,1
-1.079456796524634,0.4317967142725285,-1
-1.4736382531397754,3.1736629626840323,-1
2.5873339124030377,2.3943158747425812,1
1.4333795936830105,1.7334720858424908,1
-1.9962167273169107,1.370654540902954,-1
-2.557612586548581,0.859357695526905,-1
2.370937396225457,0.27799177068659486,1
2.5749661616242134,-1.7026889661014595,-1
2.1389855984104424,-0.6504429737701155,-1
-1.345056053508287,-3.176058250158901,1
-2.4094364177584544,2.4890480689284225,-1
0.7250997468233074,2.857716329670311,-1
-1.3562228177363131,-1.3391969836985265,1
2.775155691771519,-1.6620651365455226,-1
-3.034497922012725,-1.7875209241962406,1
1.7078231264288783,-1.0270872907300475,-1
-2.3060385753891666,0.3801262117811748,1
3.219113210356496,2.7507324431952087,1
1.4178203253368238,0.15565626739816474,1
0.5775764083004643,1.415827322823449,1
0.24849730069257392,-2.972713186260448,-1
2.861291723606384,1.9349170171984305,1
-2.7874973019175755,-1.7136469719535434,1
-0.6623336106933061,0.34355743731310695,-1
1.6041786176431894,-1.4768249635216928,-1
1.8242836007578642,0.8006693542311858,1
-0.8831102412890035,0.4771828540324097,-1
2.3666112312007526,-0.6472879847228901,-1
-1.683170611757842,1.5788783686487262,-1
1.584526239704597,2.5692355089165453,1
-0.6293805912716082,2.025376231990543,-1
-1.5018538169350382,-3.948497644988444,1
0.6773608411080235,-0.8981999346581607,-1
-2.9227511196116494,2.5818198286355374,-1
-0.997899386041176,-1.500084800525912,1
-0.6464712857566502,0.03819341427575251,-1
0.3205825902989048,-2.0982197473867474,-1
-0.9970069945814314,1.6624868240902924,-1
2.7389685512424404,1.0756818487304787,1
-2.6591912936627935,-2.27846451636391,1
2.76693153005173,0.5181874911223932,-1
1.2775875883470384,2.7013967992558716,1
-0.5760286608829078,-2.47917267102319,1
1.3169692516364928,-1.56905128488815,-1
1.646213947396963,2.469038759779322,1
2.037709411483612,-0.6759222577608809,-1
0.9406604385704862,-1.9802784363439856,-1
-1.7180274155962882,-0.2959814164917647,1
-0.9079877157586536,-0.11138292291877483,1
